地方,市町村,名称,タグ,住所,電話,緯度,経度,座標精度,出典,付随情報,URL,OSM_ID
中越,長岡市,滝谷高原ゴルフパーク,ゴルフ|自然観察,六日市町,,37.360374,138.838786,施設,OSM,,,node/3110442459
下越,胎内市,胎内高原ゴルフ倶楽部,ゴルフ,夏井,,38.029323,139.508867,施設,OSM,,,node/4377326831
中越,南魚沼市,Joetsu Kokusai Ski Area,スキー・スノーボード,樺野沢,+81 25-782-1028,37.032211,138.821869,施設,OSM,Mo-Su 08:00-17:00,https://www.jkokusai.co.jp/,node/5239313708
中越,南魚沼市,Maiko Kogen Ski Resort,スキー・スノーボード,舞子,+81 25-783-4100,36.981534,138.824517,施設,OSM,Mo-Su 08:30-20:00,https://www.maiko-resort.com/,node/5239316801
中越,湯沢町,神立高原スキー場,スキー・スノーボード|冬季,湯沢町 神立 4121 1,+81 25-788-0111,36.911110,138.812820,施設,OSM・湯沢町,Mo-Su 08:00-16:00,https://www.kandatsu.com/,node/6601873163
中越,湯沢町,かぐらスキー場 田代ステーション,スキー・スノーボード|冬季,湯沢町 三国 1066,+81 25-789-3111,36.846225,138.775870,施設,OSM・湯沢町,Mo-Su 08:00-17:00,https://www.pricehotels.co.jp/ski/kagura/,node/6601982000
中越,田上町,湯田上カントリークラブ,ゴルフ,大字湯川,,37.724889,139.090737,施設,OSM,,,node/10014246071
下越,新潟市中央区,インドアゴルフCLEVALE24,ゴルフ,鳥屋野南二丁目,,37.884888,139.025910,施設,OSM,,,node/12639846510
下越,新潟市中央区,エンジョイライフクラブ インドアゴルフ,ゴルフ,長潟,,37.884026,139.068432,施設,OSM,,,node/12657924251
下越,新潟市中央区,4×FOUR INDOOR GOLF SCHOOL,ゴルフ,出来島二丁目,,37.898950,139.026932,施設,OSM,,,node/12774174627
下越,新潟市中央区,スポーツクラブNAS新潟,ゴルフ,新光町,,37.904845,139.028741,施設,OSM,,,node/12774248832
中越,長岡市,市営希望が丘プール,プール,西津町,,37.438113,138.810494,施設,OSM,,,way/84042537
上越,妙高市,妙高CC,ゴルフ,大字関山,,36.914541,138.182202,施設,OSM,,,way/90289882
中越,魚沼市,奥只見丸山スキー場,スキー・スノーボード|冬季,湯之谷芋川,,37.159517,139.237315,施設,OSM,,http://okutadami.co.jp/ski/,way/233173940
上越,糸魚川市,糸魚川シーサイドバレースキー場,スキー・スノーボード|冬季,大字杉之当,,36.931445,137.890974,施設,OSM,,https://www.seasidevalley.com/,way/323049815
上越,糸魚川市,シャルマン火打,スキー・スノーボード,大字西飛山,,36.998248,138.069389,施設,OSM,,,way/349679854
下越,新潟市中央区,新潟アサヒアレックス・アイスアリーナ,スケート|スポーツ施設,鐘木,,37.874758,139.044709,施設,OSM,,http://www.n-icearena.com/,way/352746135
下越,聖籠町,新潟サンライズゴルフコース,ゴルフ,聖籠町 東港 二丁目 160 6,+81 25 256 2211,37.986986,139.237321,施設,OSM,,http://www.nsgc.jp/,way/422329530
中越,南魚沼市,石打花岡スキー場,スキー・スノーボード|冬季,上野,,36.989881,138.795334,施設,OSM,,https://hanaoka.ishiuchi.jp/,way/432881342
中越,南魚沼市,石打丸山スキー場,スキー・スノーボード|冬季,石打,025-783-3377,36.970728,138.792207,施設,OSM・南魚沼市,,https://ishiuchi.or.jp/,way/464023310
上越,糸魚川市,美山公園グラウンドゴルフ場,ゴルフ|公園,大字大野,,37.024380,137.860722,施設,OSM,,,way/606566846
中越,長岡市,グリーンヒル長岡ゴルフ倶楽部,ゴルフ,柿町,,37.399167,138.869140,施設,OSM,,,way/624994700
中越,南魚沼市,八海山麓スキー場,スキー・スノーボード|冬季,山口,025-783-3377,37.116337,138.984793,施設,OSM・南魚沼市,,https://m-uonuma.jp/visit/%e5%85%ab%e6%b5%b7%e5%b1%b1%e9%ba%93%e3%82%b9%e3%82%ad%e3%83%bc%e5%a0%b4/,way/626844179
中越,南魚沼市,ムイカスノーリゾート,スキー・スノーボード|冬季,竹俣,025-783-3377,37.073065,138.838484,施設,OSM・南魚沼市,,https://m-uonuma.jp/visit/%e3%83%a0%e3%82%a4%e3%82%ab%e3%82%b9%e3%83%8e%e3%83%bc%e3%83%aa%e3%82%be%e3%83%bc%e3%83%88/,way/626857453
上越,糸魚川市,糸魚川カントリークラブ,ゴルフ,大字一ノ宮,,37.017769,137.875365,施設,OSM,,https://itoigawa-cc.com/,way/633427085
中越,南魚沼市,舞子スノーリゾート;舞子温泉,スキー・スノーボード|温泉・入浴|冬季,舞子,+81 25-783-4100,36.974421,138.835761,施設,OSM・南魚沼市,,https://www.maiko-resort.com/winter/,way/679253285
中越,湯沢町,湯沢中里スキーリゾート,スキー・スノーボード|冬季,大字土樽,025-787-3301,36.911740,138.854669,施設,OSM・湯沢町,,https://www.yuzawa-nakazato.com/winter/,way/680041845
中越,湯沢町,中里スノーウッドスキー場,スキー・スノーボード|冬季,大字土樽,025-787-3511,36.904077,138.853483,施設,OSM・湯沢町,,https://www.e-yuzawa.gr.jp/ski/snowood.htm,way/680041863
中越,湯沢町,岩原スキー場,スキー・スノーボード|冬季,大字土樽,+81 25-787-3211,36.943849,138.842157,施設,OSM・湯沢町,,https://www.iwa-ppara.com/,way/680045685
中越,湯沢町,みつまたエリア,スキー・スノーボード,大字三俣,,36.892535,138.763515,施設,OSM,,,way/682257431
中越,湯沢町,かぐらエリア,スキー・スノーボード,大字三俣,,36.872158,138.733978,施設,OSM,,,way/682257432
中越,湯沢町,田代エリア,スキー・スノーボード,大字三俣,,36.848740,138.735368,施設,OSM,,,way/682257433
下越,新潟市江南区,ニイガタジャンボゴルフ,ゴルフ,横越上町五丁目,,37.848254,139.145605,施設,OSM,,,way/744674929
下越,阿賀野市,イーストﾋﾙゴルフ場,ゴルフ,保田,,37.774126,139.262816,施設,OSM,,,way/788088209
下越,阿賀町,阿賀高原GC,ゴルフ,石戸,,37.757449,139.344154,施設,OSM,,,way/788088215
中越,加茂市,冬鳥越スキーガーデン,スキー・スノーボード,大字長谷,,37.641390,139.118625,施設,OSM,,,way/905325284
上越,妙高市,妙高杉ノ原スキー場  2025-2026 スノーモービル体験,スキー・スノーボード|スノーアクティビティ|体験プログラム|冬季,大字杉野沢,,36.863463,138.137148,施設,OSM・妙高市,,https://www.princehotels.co.jp/ski/myoko/winter/,way/937086872
上越,妙高市,池の平温泉アルペンブリックスキー場,スキー・スノーボード|温泉・入浴|冬季,大字関川,,36.873552,138.155528,施設,OSM,,https://alpenblick-resort.com/ski,way/937086873
上越,妙高市,赤倉観光リゾートスキー場,スキー・スノーボード|冬季,大字関山,,36.890205,138.159587,施設,OSM,,https://akr-ski.com/,way/937100226
上越,妙高市,赤倉温泉スキー場,スキー・スノーボード|温泉・入浴|冬季,大字関山,,36.896406,138.169182,施設,OSM,,https://akakura-ski.com/,way/937100227
上越,妙高市,関温泉スキー場,スキー・スノーボード|温泉・入浴|冬季,大字関山,,36.905787,138.157214,施設,OSM,,http://sekionsen.jp/,way/937100228
上越,妙高市,休暇村妙高 ルンルンスキー場,スキー・スノーボード|冬季,大字関山,,36.910408,138.169945,施設,OSM,,https://www.qkamura.or.jp/myoukou/,way/937100229
上越,妙高市,アライスノーリゾート,スキー・スノーボード|冬季,大字両善寺,,36.989481,138.157045,施設,OSM,,https://www.lottehotel.com/arai-resort/ja.html,way/937101624
中越,湯沢町,ガーラ湯沢スノーリゾート,スキー・スノーボード|冬季,大字湯沢,,36.949756,138.784406,施設,OSM,,https://gala.co.jp/winter/,way/948328123
中越,湯沢町,一本杉スキー場,スキー・スノーボード|冬季,大字湯沢,,36.935430,138.805551,施設,OSM,,http://www.ipponsugi.net/,way/948359373
中越,湯沢町,ナスパスキーガーデン,スキー・スノーボード|温泉・入浴|日帰り入浴,大字神立,,36.924506,138.805008,施設,OSM,,,way/948360185
中越,湯沢町,湯沢パークスキー場,スキー・スノーボード|冬季,大字土樽,025-787-4111,36.924201,138.859458,施設,OSM・湯沢町,,https://www.park-resort.com/ski/,way/949496196
中越,南魚沼市,上越国際,スキー・スノーボード,大沢,,37.031100,138.795157,施設,OSM,,https://www.jkokusai.co.jp/,way/949500907
中越,十日町市,なかさと清津案内人,スキー・スノーボード|体験プログラム|ガイドツアー,市之越,025-757-3345,37.019656,138.735326,施設,OSM・十日町市,,https://www.tokamachishikankou.jp/spot/nakasatoguide/,way/952120707
中越,湯沢町,苗場スキー場,スキー・スノーボード|冬季,大字三国,025-789-4117,36.793912,138.771018,施設,OSM・湯沢町,,https://www.princehotels.co.jp/ski/winter/,way/952129313
上越,妙高市,斑尾高原スキー場,スキー・スノーボード|冬季,大字樽本,,36.848434,138.280380,施設,OSM,,https://www.madarao.jp/,way/997044732
中越,南魚沼市,八海山山麓スキー場,スキー・スノーボード|冬季,茗荷沢,,37.158347,138.975809,施設,OSM,,http://hakkai36.com/,way/1039248004
中越,南魚沼市,五日町スキー場,スキー・スノーボード|冬季,寺尾,,37.123569,138.890197,施設,OSM,,http://www.itsukamachi.jp/,way/1040111000
中越,南魚沼市,シャトー塩沢スキー場,スキー・スノーボード|冬季,塩沢,025-783-3377,37.053539,138.828622,施設,OSM・南魚沼市,,http://www.chateau-shiozawa.jp/,way/1042547889
中越,魚沼市,小出スキー場,スキー・スノーボード|冬季,青島,,37.227011,138.950631,施設,OSM,,https://www.sp-koide.org/,way/1201567796
中越,魚沼市,薬師スキー場,スキー・スノーボード|冬季,七日市,,37.233232,138.993525,施設,OSM,,http://www.yakushi-ski.com/,way/1201568241
中越,長岡市,古志高原スキー場,スキー・スノーボード|冬季,山古志竹沢,,37.316159,138.884966,施設,OSM,,http://koshikogen.com/,way/1201568723
中越,魚沼市,須原スキー場,スキー・スノーボード|冬季,須原,,37.329665,139.010146,施設,OSM,,https://www.suhara-ski.com/,way/1201570295
下越,阿賀町,三川温泉スキー場,スキー・スノーボード|温泉・入浴|冬季,川口,,37.717816,139.395654,施設,OSM,,https://www.town.aga.niigata.jp/kanko_rekishi/mikawa_onsenski/index.html,way/1208478420
下越,新発田市,ニノックススノーパーク,スキー・スノーボード,上三光,,37.923270,139.479427,施設,OSM,,https://www.ninox.co.jp/,way/1208479232
下越,胎内市,胎内スキー場,スキー・スノーボード|冬季,宮久,,38.002729,139.504159,施設,OSM,,https://tainairesort.jp/,way/1208479993
中越,長岡市,長岡市営スキー場,スキー・スノーボード|冬季,栖吉町,,37.413044,138.895836,施設,OSM,,http://www.shiei-ski.com/ski/,way/1221237456
上越,上越市,じょうえつ海の駅 マリーナ上越 泊地,マリーナ,春日新田四丁目,,37.178126,138.257315,施設,OSM,,,way/1267362340
中越,津南町,ニュー・グリーンピア,スキー・スノーボード,大字秋成,,36.952649,138.688271,施設,OSM,,https://new-greenpia.com/language/english/index.html,way/1348679001
下越,村上市,ぶどうスノーリゾート,スキー・スノーボード|冬季,蒲萄,,38.391546,139.546573,施設,OSM,,,way/1458630488
上越,上越市,キューピットバレイスキー場,スキー・スノーボード|冬季,安塚区須川,,37.044874,138.491572,施設,OSM,,,way/1458695224
上越,上越市,金谷山スキー場,スキー・スノーボード|冬季,大字大貫,,37.103522,138.223707,施設,OSM,,,way/1469699107
中越,湯沢町,街道の湯,温泉・入浴,大字三俣,,36.900600,138.777228,施設,OSM,,,node/300782464
上越,妙高市,燕温泉 黄金の湯,温泉・入浴,大字関山,0255-86-3911,36.902716,138.143857,施設,OSM・妙高市,,https://myokotourism.jp/tourist-spots/%e9%bb%84%e9%87%91%e3%81%ae%e6%b9%af/,node/3786002487
下越,胎内市,胎内平キャンプ場,キャンプ,夏井,,38.020012,139.502720,施設,OSM,,,node/4373563012
下越,新発田市,紫雲寺記念公園オートキャンプ場,キャンプ|RVパーク|公園,藤塚浜,,38.034641,139.294939,施設,OSM,,,node/4386516653
下越,胎内市,関沢,キャンプ,関沢,,38.029442,139.412944,施設,OSM,,,node/4392931188
下越,関川村,大石オートキャンプ村,キャンプ,大字大石,,38.035563,139.573664,施設,OSM,,,node/4633827221
下越,新潟市中央区,ぽんしゅ館,テーマパーク・遊園地,花園一丁目,,37.911038,139.060853,施設,OSM,,,node/4681885486
中越,長岡市,寺宝温泉,温泉・入浴,長岡市 寺宝町 82,,37.470276,138.797247,施設,OSM,,https://jihou-onsen.jp/,node/5323155226
下越,新潟市秋葉区,新津温泉,温泉・入浴,新津本町四丁目,,37.794730,139.128808,施設,OSM,,,node/5323165721
上越,上越市,栃窪温泉；あばれ井戸の湯,温泉・入浴,柿崎区栃窪,,37.278993,138.435922,施設,OSM,Mo-Fr 11:00-17:00; Sa 11:30-15:00,,node/5612703922
上越,上越市,えしんの里 やすらぎ荘,温泉・入浴,板倉区久々野,,37.009617,138.320121,施設,OSM,We-Mo 10:00-20:00,,node/5612751022
上越,妙高市,みやまの里,温泉・入浴,大字下平丸,,36.963710,138.325067,施設,OSM,,,node/5612751023
上越,妙高市,神の宮温泉 かわら亭,温泉・入浴,大字神宮寺,,37.053816,138.239161,施設,OSM,Mo-Su 09:30-21:30,,node/5612752121
上越,妙高市,大滝の湯 大滝荘,温泉・入浴|自然観察,大字上小沢,,36.977777,138.325220,施設,OSM,,,node/5612752721
上越,妙高市,関温泉,温泉・入浴,大字関山,,36.901974,138.158772,施設,OSM,,,node/5612754721
上越,妙高市,深山の里,温泉・入浴,大字下平丸,,36.963023,138.328834,施設,OSM,,,node/5660941488
中越,燕市,足湯 酒呑童子の湯,温泉・入浴|日帰り入浴,国上,,37.662810,138.825031,施設,OSM,,,node/5761038578
中越,十日町市,七ツ釜キャンプ場,キャンプ,田代,,36.971844,138.710578,施設,OSM,,,node/6038746786
中越,津南町,リバーサイド津南,温泉・入浴,大字外丸,,37.023288,138.639299,施設,OSM,,,node/6039521751
下越,村上市,寒川キャンプ場,キャンプ,寒川,,38.453408,139.494965,施設,OSM,,,node/6053950220
下越,村上市,碁石キャンプ場,キャンプ,碁石,,38.496674,139.518765,施設,OSM,,,node/6053950231
下越,新発田市,ジャンボ滑り台,テーマパーク・遊園地,万代,,37.884732,139.308789,施設,OSM,,,node/6155026284
上越,上越市,大池いこいの森キャンプ場,キャンプ,頸城区花ケ崎,,37.174751,138.365927,施設,OSM,,,node/6174822892
中越,弥彦村,鹿苑,動物園・水族館,大字弥彦,,37.706176,138.828852,施設,OSM,,,node/6181142183
中越,弥彦村,日本鶏舎,動物園・水族館,大字弥彦,,37.706198,138.828654,施設,OSM,,,node/6181142184
下越,粟島浦村,漁火温泉おと姫の湯,温泉・入浴,−,,38.468813,139.254930,施設,OSM,,,node/6237428885
中越,湯沢町,神立高原;神の湯,温泉・入浴,大字神立,,36.911287,138.812479,施設,OSM,,,node/6335399841
下越,新潟市西蒲区,新潟市潟東;ゆう学館,温泉・入浴,三方,,37.768245,138.965172,施設,OSM,,,node/6411020711
下越,新潟市西区,アクアパークにいがた,温泉・入浴,笠木,,37.838364,138.965834,施設,OSM,,,node/6411056329
上越,上越市,ユートピアくびき希望館,温泉・入浴,頸城区百間町,,37.188151,138.326895,施設,OSM,,,node/6418659321
中越,柏崎市,新潟県立;柏崎アクアパーク,温泉・入浴,学校町,,37.373402,138.552689,施設,OSM,,,node/6537063615
中越,十日町市,松之山温泉スキー場（座標誤差あり）,スキー・スノーボード|温泉・入浴|冬季,松之山天水島,,37.052701,138.597045,施設,OSM,,,node/6537545245
中越,十日町市,キナーレ;明石の湯,温泉・入浴,本町六の一丁目,,37.138901,138.760614,施設,OSM,,,node/6537580793
中越,湯沢町,酒風呂,温泉・入浴,大字湯沢,,36.936771,138.808552,施設,OSM,,,node/6538374459
中越,湯沢町,SPAガーラの湯,温泉・入浴,大字湯沢,,36.950801,138.799679,施設,OSM,,,node/6538411415
中越,湯沢町,岩原のんのんの湯,温泉・入浴,大字土樽,,36.932749,138.839175,施設,OSM,,,node/6538418955
中越,湯沢町,コマクサの湯,温泉・入浴,大字湯沢,,36.940262,138.804082,施設,OSM,,,node/6538475497
中越,小千谷市,ちぢみの里,温泉・入浴,大字薭生,,37.305202,138.822766,施設,OSM,,,node/6538515119
中越,湯沢町,大源太キャニオンキャンプ場,キャンプ,3064-17,025-787-3536,36.917921,138.890620,施設,OSM,,https://daigenta.net/,node/6742317386
下越,新潟市江南区,小松湯,温泉・入浴,亀田新明町二丁目,,37.866508,139.109340,施設,OSM,,,node/6935084564
中越,弥彦村,足湯,温泉・入浴|日帰り入浴,大字弥彦,,37.699796,138.831447,施設,OSM,,,node/7108428184
下越,新潟市秋葉区,秋葉公園キャンプ場,キャンプ|公園,田家,,37.782402,139.138828,施設,OSM,,,node/7722398985
中越,長岡市,東山ファミリーランドキャンプ場,キャンプ,栖吉町,,37.415245,138.889445,施設,OSM,,,node/7797709085
中越,加茂市,加茂山公園リス園,公園|動物園・水族館,大字加茂,,37.655134,139.051657,施設,OSM,,,node/7947274385
中越,長岡市,うまみち森林公園,公園|自然観察,与板町与板,,37.542757,138.799950,施設,OSM,,,node/7967920354
中越,湯沢町,西口駅前広場足湯,温泉・入浴|日帰り入浴,大字湯沢,,36.935551,138.808730,施設,OSM,,,node/8145140934
下越,新潟市中央区,極楽湯 女池店,温泉・入浴,女池六丁目,,37.893263,139.045132,施設,OSM,,https://www.gokurakuyu.ne.jp/tempo/meike/index.html,node/8659285885
中越,加茂市,須田コミュニティセンター,温泉・入浴,大字前須田,,37.688426,139.006743,施設,OSM,,,node/8774846727
上越,上越市,上越市立水族博物館 うみがたり,動物園・水族館,五智二丁目,+81 25 543 2449,37.173521,138.232991,施設,OSM,Mo-Su 09:00-17:00,https://www.umigatari.jp/joetsu/,node/9127963872
中越,長岡市,山古志アルパカ村 種苧原牧場,乗馬・牧場|動物園・水族館,山古志種苧原,,37.354496,138.931898,施設,OSM,,,node/9633470661
中越,南魚沼市,上の原キャンプ場,キャンプ,小栗山,025-783-3377,37.067110,138.853270,施設,OSM・南魚沼市,,https://m-uonuma.jp/visit/%e4%b8%8a%e3%81%ae%e5%8e%9f%e3%82%ad%e3%83%a3%e3%83%b3%e3%83%97%e5%a0%b4/,node/9723898616
下越,新潟市中央区,さか井湯,温泉・入浴,新潟県新潟市中央区沼垂東2-11-4,,37.919459,139.069225,施設,OSM,Sa-Th 13:30-22:00,,node/9972602417
中越,湯沢町,かんなっくり,温泉・入浴,大字湯沢,,36.939198,138.805560,施設,OSM,,,node/11048839696
下越,村上市,嵐の湯 荒川山瀧(有)やまたき,温泉・入浴,坂町,,38.117356,139.447627,施設,OSM,,,node/11953582937
中越,湯沢町,江神温泉共同浴場,温泉・入浴|日帰り入浴,湯沢町 湯沢一丁目 1 8,+81-25-784-2727,36.937040,138.811447,施設,OSM,Mo-Tu 13:00-22:00; Th-Su 13:00-22:00; We off,https://egamionsen.com/,node/12620570402
中越,南魚沼市,日帰り温泉 縄文の湯,温泉・入浴|日帰り入浴,112,,37.029441,138.828227,施設,OSM,Mo-Fr 15:00-19:00; Sa 15:00-20:00; Su 15:00-19:00,https://jkokusai.co.jp/ski/institution/#institution01,node/12620580478
上越,糸魚川市,荒崎キャンプ場,キャンプ,大字能生小泊,,37.113146,138.007616,施設,OSM,,https://www.itoigawa-kanko.net/camp/arasaki_campsite/,node/13751797649
中越,長岡市,山古志キャンプ場,キャンプ,山古志種苧原,,37.360870,138.926669,施設,OSM,,,node/13898186016
下越,新潟市中央区,新潟市水族館マリンピア日本海,動物園・水族館,西船見町,,37.923477,139.027903,施設,OSM,09:00-17:00,,way/81050878
下越,新潟市西区,新潟ふるさと村,テーマパーク・遊園地,山田,,37.865732,139.020100,施設,OSM,,,way/152779624
上越,妙高市,ランドマーク妙高高原;温泉かふぇ,温泉・入浴,大字関川,,36.872006,138.179473,施設,OSM,,,way/298061414
下越,新潟市中央区,女池;湯ったり苑,温泉・入浴,女池六丁目,,37.893248,139.045147,施設,OSM,,,way/381543577
下越,新潟市東区,極楽湯,温泉・入浴,新松崎三丁目,,37.933529,139.121279,施設,OSM,,,way/381976359
下越,新潟市北区,新潟せんべい王国,テーマパーク・遊園地,新崎,,37.929255,139.163712,施設,OSM,,http://senbei-oukoku.jp/,way/387175789
中越,十日町市,千年温泉;千年の湯,温泉・入浴,中屋敷,,37.162615,138.736699,施設,OSM,,,way/388606119
中越,十日町市,ナステビュウ湯の山,温泉・入浴|日帰り入浴,十日町市 松之山湯山 1252 1,+81 25 596 2619,37.072893,138.611204,施設,OSM・十日町市,,https://yunoyama.jp/,way/388684216
下越,新潟市中央区,動物ふれあいセンター,動物園・水族館,清五郎,,37.881102,139.049883,施設,OSM,,,way/392386329
下越,聖籠町,ざぶーん,温泉・入浴,大字諏訪山,,37.970553,139.282160,施設,OSM,,https://www.zaboon.co.jp/,way/397578592
上越,妙高市,苗名の湯,温泉・入浴,大字杉野沢,0255-86-6565,36.850194,138.163406,施設,OSM・妙高市,,https://myokotourism.jp/tourist-spots/%e8%8b%97%e5%90%8d%e3%81%ae%e6%b9%af/,way/430911710
中越,湯沢町,苗場温泉;雪ささの湯,温泉・入浴,大字三国,,36.788715,138.795259,施設,OSM,,,way/431496062
下越,胎内市,クアハウスたいない,スポーツ施設|プール|温泉・入浴,下赤谷,,38.064080,139.451801,施設,OSM,,,way/440146241
下越,関川村,桂の関温泉;ゆ～む,温泉・入浴,大字下関,,38.092358,139.565794,施設,OSM,,,way/440569058
下越,新発田市,深層湯温泉;紫雲の郷,温泉・入浴,藤塚浜,,38.029883,139.295656,施設,OSM,,,way/440888709
下越,胎内市,潮の湯温泉,温泉・入浴,村松浜,,38.053374,139.322792,施設,OSM,,,way/441717676
下越,胎内市,塩の湯温泉;サンセット中条,温泉・入浴,村松浜,,38.053925,139.323318,施設,OSM,,,way/441717678
中越,柏崎市,ファームくじらなみ観光いちご園,テーマパーク・遊園地,大字鯨波,,37.348357,138.510759,施設,OSM,,,way/452352041
下越,村上市,朝日まほろばふれあいセンター;まほろば温泉,温泉・入浴|動物園・水族館,猿沢,,38.281558,139.523447,施設,OSM,,,way/456477102
下越,村上市,朝日きれい館,温泉・入浴,猿沢,,38.283144,139.524107,施設,OSM,,,way/456477106
中越,加茂市,加茂七谷温泉 美人の湯,温泉・入浴,新潟県加茂市大字宮寄上13-1,,37.600395,139.110164,施設,OSM,09:30-21:30,,way/464935763
下越,新潟市北区,蔵の宿 菱風荘,テーマパーク・遊園地,前新田,,37.912181,139.237244,施設,OSM,,http://park1.wakwak.com/~ryoufusou/,way/467875155
下越,新潟市北区,海辺の森キャンプ場,キャンプ|自然観察,新鼻,,37.912559,139.240870,施設,OSM,,,way/467875203
下越,新潟市西蒲区,角田浜キャンプ場,キャンプ,角田浜,,37.798053,138.828232,施設,OSM,,,way/520001774
上越,糸魚川市,美山公園キャンプ場,キャンプ|公園,糸魚川市,,37.022059,137.865735,施設,OSM,,,way/601458523
上越,上越市,上越市;市民いこいの家,温泉・入浴,石橋一丁目,,37.166927,138.237588,施設,OSM,,,way/601752965
中越,燕市,ふれあいパーク;てまりの湯,温泉・入浴|動物園・水族館,長辰,,37.663494,138.823773,施設,OSM,,,way/608707923
中越,津南町,三箇キャンプサイト,キャンプ,大字三箇,,37.049548,138.673282,施設,OSM,,,way/638918170
中越,津南町,クアハウス津南,温泉・入浴,大字芦ケ崎,,37.004005,138.635340,施設,OSM,,,way/639408369
下越,新潟市西蒲区,多宝温泉;だいろの湯,温泉・入浴,石瀬,,37.727938,138.837539,施設,OSM,,,way/639890957
中越,十日町市,原町温泉 ゆくら妻有,温泉・入浴|日帰り入浴,芋川,025-763-2944,37.029660,138.696895,施設,OSM・十日町市,,https://www.tokamachishikankou.jp/spot/yukuratsumari/,way/640218575
中越,十日町市,足湯,温泉・入浴|日帰り入浴,芋川,,37.030045,138.697563,施設,OSM,,,way/640218581
中越,十日町市,清津川フレッシュパーク,キャンプ|体験プログラム|夏季,芋川,090-4328-2774,37.029804,138.698568,施設,OSM・十日町市,,https://www.tokamachishikankou.jp/spot/kiyotsugawa_freshpark/,way/640489308
中越,津南町,結東露天風呂,温泉・入浴|日帰り入浴,大字結東,,36.916684,138.635167,施設,OSM,,,way/641127042
中越,十日町市,越後妻有 清田山キャンプ場,キャンプ|宿泊もできる|夏季,清田山,080-9415-1501,36.990254,138.718537,施設,OSM・十日町市,,https://www.tokamachishikankou.jp/spot/seidayama_campground/,way/641153516
中越,十日町市,重地大池自然観察公園,キャンプ|公園,中里下山,,36.999913,138.709496,施設,OSM,,,way/641153524
下越,新発田市,いいでの湯,温泉・入浴,大栄町一丁目,,37.947654,139.324346,施設,OSM,,,way/653735375
下越,阿賀野市,五頭少年自然の家,自然観察,畑江,,37.821309,139.313316,施設,OSM,,,way/657142663
下越,阿賀野市,サントピアワールド,テーマパーク・遊園地,久保,,37.765766,139.254207,施設,OSM,,,way/657142756
下越,新発田市,ほうづきの里,温泉・入浴,万代,,37.883208,139.308572,施設,OSM,,,way/657142769
下越,新発田市,手造りガラス工房びいどろ,体験プログラム|テーマパーク・遊園地,万代,,37.883938,139.305969,施設,OSM,,,way/657142796
上越,糸魚川市,糸魚川クアリゾート;ひすいの湯,温泉・入浴,大字大野,,37.020941,137.856997,施設,OSM,,,way/674945007
上越,上越市,釜ぶたの湯,温泉・入浴,大和五丁目,,37.082007,138.246293,施設,OSM,,,way/675068578
中越,柏崎市,ソルトスパ潮風,温泉・入浴|日帰り入浴,北園町,,37.381197,138.560700,施設,OSM,,,way/675069168
中越,長岡市,スーパー銭湯越後長岡;ゆらいや,温泉・入浴,川崎町,,37.458723,138.877671,施設,OSM,,,way/675069639
中越,見附市,みつけ健幸の湯;ほっとぴあ,温泉・入浴,本町一丁目,,37.528117,138.923983,施設,OSM,,,way/675075488
下越,新潟市秋葉区,秋葉温泉;花水〜かすい〜,温泉・入浴,草水町一丁目,,37.786851,139.144236,施設,OSM,,,way/675076413
下越,新潟市中央区,ホンマ健康ランド,温泉・入浴,美咲町二丁目,,37.887708,139.016590,施設,OSM,,,way/675077988
中越,南魚沼市,石打ユングパルナス オートキャンプ場,キャンプ|温泉・入浴,石打,025-783-3377,36.968608,138.800486,施設,OSM・南魚沼市,,https://m-uonuma.jp/spa/hatsuka/%e5%ba%97%e8%88%97%e5%90%8d/,way/675432209
下越,新潟市西蒲区,カーブドッチ;ヴィネスパ,温泉・入浴|日帰り入浴,越前浜,,37.802925,138.847364,施設,OSM,,,way/676261770
下越,村上市,勝木ゆり花温泉;ゆり花会館,温泉・入浴,勝木,,38.491147,139.521478,施設,OSM,,,way/684191049
下越,胎内市,西方の湯,温泉・入浴,中村浜,,38.071586,139.342191,施設,OSM,,,way/684203211
下越,新発田市,新発田温泉あやめの湯,温泉・入浴,板敷,,37.953520,139.354962,施設,OSM,,,way/684283409
下越,新発田市,虹の里交流館,温泉・入浴,藤掛,,37.920085,139.331908,施設,OSM,,,way/684283581
下越,新発田市,城山温泉,温泉・入浴,浦,,37.902290,139.343997,施設,OSM,,,way/684284105
下越,新発田市,美人の泉,温泉・入浴,月岡温泉,,37.877673,139.309953,施設,OSM,,,way/684285873
下越,阿賀野市,熊と森の湯,温泉・入浴,羽黒,,37.823093,139.294339,施設,OSM,,,way/684286208
下越,五泉市,五泉市村松;さくらんど温泉,温泉・入浴,上木越,,37.700574,139.206372,施設,OSM,,,way/684288136
下越,五泉市,亀徳泉,温泉・入浴,刈羽,,37.683457,139.104694,施設,OSM,,,way/684288550
中越,田上町,ごまどう湯っ多里館,温泉・入浴,大字田上,,37.717666,139.080025,施設,OSM,,,way/684289918
下越,新潟市秋葉区,小須戸温泉;花の湯館,温泉・入浴,天ヶ沢,,37.733122,139.088326,施設,OSM,,,way/684290558
下越,新潟市西蒲区,中之口老人福祉センター;やすらぎの湯,温泉・入浴,福島,,37.725017,138.960732,施設,OSM,,,way/684292322
下越,新潟市江南区,舞平清掃センター附属休憩所,温泉・入浴,平賀,,37.845989,139.043137,施設,OSM,,,way/684373697
下越,新潟市江南区,亀田清掃センター田舟の里,温泉・入浴,山二ツ,,37.883709,139.096732,施設,OSM,,,way/684378268
中越,三条市,森の湯小屋さぎの湯;しらさぎ荘,温泉・入浴,矢田,,37.569662,138.948951,施設,OSM,,,way/684390816
上越,妙高市,妙高高原ふれあい会館,温泉・入浴|動物園・水族館,大字関川,,36.872011,138.186264,施設,OSM,,,way/684986272
上越,妙高市,赤倉温泉野天風呂;滝の湯,温泉・入浴|自然観察,大字赤倉,,36.895173,138.172688,施設,OSM,,,way/684986996
上越,妙高市,ほっとランド,温泉・入浴,大字高柳,,37.040812,138.265922,施設,OSM,,,way/685022241
上越,上越市,長峰温泉;ゆったりの郷,温泉・入浴,吉川区長峰,,37.242979,138.375595,施設,OSM,,,way/685025583
上越,糸魚川市,湯の脇温泉 大平やすらぎ館,温泉・入浴|日帰り入浴,大字槙,025-566-5512,37.063191,138.036132,施設,OSM・糸魚川市,,,way/686889526
上越,上越市,花立温泉;ろばた館,温泉・入浴,名立区西蒲生田,,37.086018,138.099914,施設,OSM,,,way/686991322
下越,阿賀町,杖忘れの湯 赤湯,温泉・入浴,鹿瀬,,37.708429,139.464967,施設,OSM,,,way/687877506
下越,阿賀町,角神湖畔青少年旅行村,自然観察,鹿瀬,,37.708378,139.464743,施設,OSM,,,way/687877579
中越,魚沼市,ゆ〜パーク薬師,温泉・入浴,七日市新田,,37.234882,138.991374,施設,OSM,,,way/688174758
中越,魚沼市,見晴らしの湯;こまみ,温泉・入浴,青島,,37.224473,138.950925,施設,OSM,,,way/688176712
中越,魚沼市,神湯温泉倶楽部,温泉・入浴,清本,,37.285233,138.996325,施設,OSM,,,way/688177708
中越,魚沼市,魚沼市;守門高齢者センター,温泉・入浴,西名新田,,37.356973,139.037434,施設,OSM,,,way/688180216
中越,魚沼市,寿和温泉,温泉・入浴|日帰り入浴,平野又,025-796-3033,37.362772,139.064950,施設,OSM・魚沼市,,,way/688181111
上越,上越市,スカイトピア遊ランド,温泉・入浴,吉川区坪野,,37.208213,138.486018,施設,OSM,,,way/688698046
下越,新潟市西蒲区,福寿温泉;じょんのび館,温泉・入浴,福井,,37.760100,138.831719,施設,OSM,,,way/696103566
下越,新潟市西蒲区,遊雁の湯よりなれ,温泉・入浴,石瀬,,37.730930,138.836915,施設,OSM,,,way/696106861
中越,燕市,ビジョンよしだ,温泉・入浴,吉田本所,,37.699240,138.879674,施設,OSM,,,way/696112330
中越,弥彦村,やひこ桜井郷温泉;高齢者総合生活支援センター,温泉・入浴,大字麓,,37.682868,138.822553,施設,OSM,,,way/696115129
中越,弥彦村,弥彦温泉;さくらの湯,温泉・入浴,大字麓,,37.677472,138.825972,施設,OSM,,,way/696118143
中越,長岡市,寺泊きんぱちの湯,温泉・入浴,寺泊花立,,37.634791,138.760548,施設,OSM,,,way/696125143
中越,長岡市,志保の里荘,温泉・入浴,与板町本与板,,37.555871,138.808879,施設,OSM,,,way/696129460
中越,出雲崎町,保健福祉総合センター;ふれあいの里,温泉・入浴|動物園・水族館,大字大門,,37.538010,138.716674,施設,OSM,,,way/696132800
中越,長岡市,旬食・ゆ処・宿;喜芳,温泉・入浴,上岩井,,37.492397,138.787064,施設,OSM,,,way/696135491
中越,柏崎市,大崎温泉 雪割草の湯,温泉・入浴,西山町大崎,,37.499109,138.642858,施設,OSM,,,way/696141374
上越,上越市,ゆきだるま温泉;雪の湯,温泉・入浴,安塚区須川,,37.055907,138.482581,施設,OSM,,,way/696186801
中越,十日町市,松之山温泉センター 鷹の湯,温泉・入浴|日帰り入浴,松之山湯本,025-596-2221,37.064977,138.600671,施設,OSM・十日町市,,https://www.tokamachishikankou.jp/spot/takanoyu/,way/696196791
中越,長岡市,養楽館;延命の湯,温泉・入浴,小国町小国沢,,37.280105,138.713601,施設,OSM,,,way/696202545
中越,湯沢町,宿場の湯,温泉・入浴,大字三国,,36.843272,138.778706,施設,OSM,,,way/696213005
中越,湯沢町,神泉の湯,温泉・入浴,大字神立,,36.920319,138.807506,施設,OSM,,,way/696262396
中越,南魚沼市,金城の里,温泉・入浴,島新田,025-783-3377,37.038509,138.867355,施設,OSM・南魚沼市,,https://m-uonuma.jp/spa/shimashinden/%e5%b3%b6%e6%96%b0%e7%94%b0%e6%b8%a9%e6%b3%89%e3%80%80%e9%87%91%e5%9f%8e%e3%81%ae%e9%87%8c/,way/696266478
中越,南魚沼市,湯らりあ,温泉・入浴,六日町,025-783-3377,37.064022,138.876046,施設,OSM・南魚沼市,,https://m-uonuma.jp/spa/muikamachi2/%e5%85%ad%e6%97%a5%e7%94%ba%e6%b8%a9%e6%b3%89%e3%80%80%e6%b9%af%e3%82%89%e3%82%8a%e3%81%82/,way/696267011
中越,南魚沼市,大和町老人福祉センター;湯咲荘,温泉・入浴,大崎,,37.137715,138.936241,施設,OSM,,,way/696267331
中越,魚沼市,銀山平温泉;白銀の湯,温泉・入浴|日帰り入浴,下折立,025-795-2611,37.135435,139.139761,施設,OSM・魚沼市,,,way/696267666
中越,魚沼市,湯之谷交流センター;ユピオ,温泉・入浴,大湯温泉,,37.197184,139.077678,施設,OSM,,,way/696267952
中越,長岡市,越後とちお温泉;おいらこの湯,温泉・入浴,赤谷,,37.450284,139.012580,施設,OSM,,,way/696276542
中越,長岡市,天然温泉;麻生の湯,温泉・入浴,麻生田町,,37.458523,138.903777,施設,OSM,,,way/696277533
中越,長岡市,エコトピア寿,温泉・入浴,寿三丁目,,37.486455,138.855202,施設,OSM,,,way/696278558
中越,長岡市,桂温泉,温泉・入浴,桂町,,37.483734,138.921288,施設,OSM,,,way/696279564
中越,三条市,いい湯らてい,温泉・入浴,南五百川,,37.538955,139.125542,施設,OSM,,,way/696281243
中越,柏崎市,じょんのび温泉;楽寿の湯,温泉・入浴,高柳町高尾,,37.213014,138.633380,施設,OSM,,,way/706096608
中越,十日町市,高齢者憩いの家;松寿荘（座標誤差あり）,温泉・入浴,松之山天水越,,37.059620,138.600441,施設,OSM,,,way/713542940
中越,南魚沼市,五十沢キャンプ場,温泉地|キャンプ|温泉・入浴,永松,025-783-3377,37.036088,138.958763,施設,OSM・南魚沼市,,https://m-uonuma.jp/spa/ikazawa/,way/730236016
上越,妙高市,妙高温泉 関川共同浴場 大湯,温泉・入浴|日帰り入浴,大字関川,0255-86-2906,36.865739,138.204789,施設,OSM・妙高市,,https://myokotourism.jp/tourist-spots/%e5%85%b1%e5%90%8c%e6%b5%b4%e5%a0%b4%e3%80%80%e5%a4%a7%e6%b9%af/,way/802330930
上越,妙高市,元気村温泉ハウス,温泉・入浴,大字関川,,36.862783,138.178425,施設,OSM,,,way/802370348
下越,五泉市,シカ園,動物園・水族館,愛宕,,37.693311,139.189373,施設,OSM,,,way/819534124
中越,長岡市,悠久山小動物園,動物園・水族館,長岡市 御山町 96番地 乙,+81 258 37 6385,37.429346,138.881124,施設,OSM,"Mo-Sa,PH 09:00-17:00",https://www.city.nagaoka.niigata.jp/shisetsu/bunka/yukyu-zoo.html,way/878778742
中越,魚沼市,大湯温泉共同浴場 雪華の湯,温泉・入浴|日帰り入浴,大湯温泉,,37.193100,139.081167,施設,OSM,,,way/895866959
中越,加茂市,下条川ダムキャンプ場,キャンプ,大字下条,,37.634031,139.063026,施設,OSM,,,way/914652752
中越,津南町,竜ヶ窪温泉 竜神の館,温泉・入浴,大字谷内,,36.980879,138.631223,施設,OSM,,,way/940877532
中越,加茂市,粟ケ岳県民休養地 キャンプ場,キャンプ,大字宮寄上,,37.579808,139.146830,施設,OSM,,,way/957407654
下越,胎内市,樽ヶ橋遊園,テーマパーク・遊園地,下赤谷,,38.061273,139.454127,施設,OSM,,https://www.tarugahashi.com/,way/964656881
中越,津南町,キャンピアグリーン,キャンプ|RVパーク,大字秋成,,36.965397,138.693405,施設,OSM,,,way/979359119
中越,南魚沼市,大崎キャンプ場,キャンプ,大崎,,37.122615,138.959437,施設,OSM,,,way/1031896299
中越,南魚沼市,わらびのオートキャンプ場,キャンプ,舞台,025-783-3377,37.054699,138.993729,施設,OSM・南魚沼市,,https://m-uonuma.jp/visit/%e3%82%8f%e3%82%89%e3%81%b3%e3%81%ae%e3%82%aa%e3%83%bc%e3%83%88%e3%82%ad%e3%83%a3%e3%83%b3%e3%83%97%e5%a0%b4/,way/1031897453
中越,南魚沼市,上越国際プレイランド,テーマパーク・遊園地,樺野沢,,37.032159,138.817347,施設,OSM,,,way/1031898950
中越,南魚沼市,巻機山麓キャンプ場,キャンプ,清水,025-783-3377,36.954502,138.932357,施設,OSM・南魚沼市,,https://m-uonuma.jp/visit/%e5%b7%bb%e6%a9%9f%e5%b1%b1%e9%ba%93%e3%82%ad%e3%83%a3%e3%83%b3%e3%83%97%e5%a0%b4/,way/1031899402
中越,長岡市,えちご川口温泉 古民家,温泉・入浴,川口中山,,37.269512,138.872714,施設,OSM,,,way/1201573146
中越,湯沢町,湯沢中央公園足湯,公園|温泉・入浴|日帰り入浴,大字土樽,,36.932544,138.835782,施設,OSM,,,way/1203870686
中越,湯沢町,土樽共同浴場 岩の湯,温泉・入浴|日帰り入浴,大字土樽,,36.916694,138.838006,施設,OSM,,,way/1204099568
中越,長岡市,三島谷温泉,温泉・入浴,大積三島谷町,,37.437866,138.712746,施設,OSM,,,way/1206760251
下越,新潟市西区,極楽湯 槇尾店,温泉・入浴,槇尾,,37.861449,138.946633,施設,OSM,,https://www.gokurakuyu.ne.jp/tempo/makio/index.html,way/1227814467
中越,魚沼市,かもしかの湯,温泉・入浴,宇津野,,37.133038,139.168432,施設,OSM,,,way/1524811747
下越,新潟市中央区,陶芸教室土夢,ものづくり体験|体験プログラム,東堀前通五番町,,37.918913,139.044998,施設,OSM,,,node/4198235849
上越,糸魚川市,加賀の井酒造株式会社,酒蔵|醸造所見学|見学可,大町二丁目,025-552-0047,37.045308,137.859136,施設,OSM・県酒造組合,代表銘柄:加賀の井 / 創業:西暦1650年,http://www.kaganoi.co.jp/,node/4570189966
中越,長岡市,越銘醸株式会社,酒蔵|醸造所見学,栃尾大町,0258-52-3667,37.476259,138.991851,施設,OSM・県酒造組合,代表銘柄:大吟醸 越の鶴 / 創業:西暦1845年,https://koshimeijo.jp/,node/7799470759
中越,長岡市,諸橋酒造株式会社,酒蔵|醸造所見学,北荷頃,0258-52-1151,37.455390,138.979480,施設,OSM・県酒造組合,代表銘柄:越乃景虎 / 創業:西暦1847年,http://www.morohashi-shuzo.co.jp/,node/7804980198
上越,糸魚川市,ヒスイとロディン岩の採れる浜,海水浴,大字須沢,,37.037616,137.826057,施設,OSM,,,node/9961088918
中越,柏崎市,石地海水浴場,海水浴|夏季,西山町石地,,37.509274,138.648615,施設,OSM・県(海水浴場),水質評価:水質ＡＡ（令和8年度開設前調査）,,node/12118386980
下越,新潟市中央区,峰村商店,ワイナリー,明石二丁目,,37.916860,139.068882,施設,OSM,,,node/13003604399
下越,新潟市中央区,百川味噌株式会社,醸造所見学,沼垂西三丁目,,37.923614,139.065379,施設,OSM,,,node/13016853229
下越,新潟市中央区,吉野鍛冶屋,ものづくり体験,沼垂東二丁目,,37.920695,139.072733,施設,OSM,,,node/13022218179
下越,新潟市西区,ボルダリングジム,登山・トレッキング,槇尾,,37.855180,138.942861,施設,OSM,,,node/14060543721
下越,新潟市西区,マルカク醸造所,醸造所見学,内野町,,37.855023,138.937282,施設,OSM,,,node/14063021861
下越,新潟市西区,高野酒造株式会社,酒蔵|醸造所見学|ワイナリー|見学可,木山,025-379-9333,37.831288,138.891286,施設,OSM・県酒造組合,代表銘柄:越路吹雪 / 創業:西暦1899年,https://takano-shuzo.co.jp,node/14136532225
下越,新潟市西蒲区,笹祝酒造株式会社,酒蔵|醸造所見学|ワイナリー|見学可,松野尾,0256-72-3982,37.797280,138.871621,施設,OSM・県酒造組合,代表銘柄:笹祝 別撰 / 創業:西暦1899年,http://www.sasaiwai.com,node/14179705133
下越,新潟市西蒲区,エチゴビール(株),ワイナリー,松野尾,,37.791363,138.871633,施設,OSM,,,node/14179944464
上越,糸魚川市,糸魚川海水浴場,海水浴|夏季,押上一丁目,,37.050640,137.877351,施設,OSM・県(海水浴場),水質評価:水質ＡＡ（令和8年度開設前調査）,,way/286262409
下越,新潟市西蒲区,浦浜海水浴場,海水浴,五ケ浜,,37.774148,138.812317,施設,OSM,,,way/303407992
下越,新潟市西蒲区,角田浜海水浴場,海水浴,角田浜,,37.796566,138.823851,施設,OSM,,,way/303407993
中越,三条市,株式会社 諏訪田製作所,工場見学|ものづくり体験,大面,,37.565407,138.936593,施設,OSM・県(工場見学),燕三条オープンファクトリー（出典は2021年時点）,http://www.suwada.co.jp,way/390475227
中越,南魚沼市,アグリコア越後ワイナリー,ワイナリー,浦佐,025-783-3377,37.162739,138.938427,施設,OSM・南魚沼市,,https://m-uonuma.jp/visit/%e3%82%a2%e3%82%b0%e3%83%aa%e3%82%b3%e3%82%a2%e8%b6%8a%e5%be%8c%e3%83%af%e3%82%a4%e3%83%8a%e3%83%aa%e3%83%bc/,way/390645200
下越,新潟市東区,(有)広川熱機,工場見学,南紫竹一丁目,,37.899727,139.077097,施設,OSM,,,way/433211769
上越,糸魚川市,親不知海水浴場,海水浴|夏季,大字外波,,37.004040,137.730640,施設,OSM・県(海水浴場),水質評価:水質ＡＡ（令和8年度開設前調査）,,way/616105439
中越,柏崎市,リケン剣工場,工場見学,大字劔,,37.391291,138.605784,施設,OSM,,,way/1207325827
中越,柏崎市,北陸スチール(株)柏崎工場,工場見学,大字藤井,,37.372203,138.595663,施設,OSM,,,way/1207652339
中越,柏崎市,少年広場,スポーツ施設,東港町,,37.372579,138.550666,施設,OSM,,,node/2354368587
中越,柏崎市,西山町総合体育館,スポーツ施設,西山町浜忠,,37.487810,138.635899,施設,OSM,,,node/3106331851
中越,長岡市,アリーナ,スポーツ施設,城内町一丁目,,37.445884,138.851102,施設,OSM,,,node/5832823309
中越,長岡市,山古志体育館,スポーツ施設,山古志竹沢,,37.325761,138.889749,施設,OSM,,,node/7805140745
下越,新潟市東区,下山スポーツセンター,スポーツ施設,下山一丁目,,37.943995,139.120938,施設,OSM,,,node/8934157711
下越,新潟市東区,東新潟労働者体育館,スポーツ施設,津島屋六丁目,,37.943433,139.126417,施設,OSM,,,node/8934157714
下越,新潟市中央区,スパ&ラウンジ長潟,温泉・入浴|日帰り入浴|サウナ,長潟,,37.884353,139.068216,施設,OSM,,,node/12657924252
中越,長岡市,市営希望が丘テニス場,スポーツ施設,西津町,,37.437275,138.809697,施設,OSM,,,way/84042532
中越,十日町市,十日町市民体育館,スポーツ施設,学校町一丁目,,37.130549,138.763780,施設,OSM,,,way/179567734
下越,新潟市西区,メイワサンピア,スポーツ施設,赤塚,,37.809815,138.876791,施設,OSM,,,way/338734558
下越,新潟市西区,黒埼地区総合体育館,スポーツ施設,金巻,,37.842772,139.008165,施設,OSM,,,way/338908578
下越,阿賀野市,京ヶ瀬体育館,スポーツ施設,姥ヶ橋,,37.841969,139.183655,施設,OSM,,,way/341082157
下越,阿賀野市,阿賀野市図書館,スポーツ施設,曽郷,,37.844316,139.185273,施設,OSM,,,way/341082177
下越,阿賀野市,阿賀野市堀越児童屋内体育館,スポーツ施設,野地城,,37.818334,139.228996,施設,OSM,,,way/341098523
下越,阿賀野市,笹神体育館,スポーツ施設,笹岡,,37.840206,139.266399,施設,OSM,,,way/341122431
下越,阿賀野市,阿賀野市安田体育館,スポーツ施設,保田,,37.774432,139.236466,施設,OSM,,,way/341122432
下越,新発田市,新発田市豊浦体育センター,スポーツ施設,乙次,,37.912191,139.308635,施設,OSM,,,way/343575069
中越,長岡市,弓道場,スポーツ施設,学校町一丁目,,37.438942,138.860607,施設,OSM,,,way/345833505
中越,長岡市,長岡市市民体育館,スポーツ施設,学校町一丁目,,37.439170,138.861437,施設,OSM,,,way/345833548
中越,出雲崎町,出雲崎町町民体育館,スポーツ施設,大字米田,,37.537566,138.702548,施設,OSM,,,way/347000842
中越,長岡市,長岡市スポーツ施設越路体育館,スポーツ施設,来迎寺,,37.394359,138.775816,施設,OSM,,,way/347004208
上越,糸魚川市,能生体育館,スポーツ施設,大字能生,,37.101541,137.985449,施設,OSM,,,way/349684426
中越,十日町市,十日町市スポーツ施設松代総合体育館,スポーツ施設,太平,,37.133970,138.620685,施設,OSM,,,way/351286590
中越,十日町市,十日町市総合体育館,スポーツ施設,十日町市 西本町 1,025-752-4377,37.141606,138.755914,施設,OSM,,,way/353245090
下越,新発田市,サン・ビレッジしばた,スポーツ施設,五十公野,,37.937765,139.354424,施設,OSM,,,way/360971579
中越,加茂市,下条体育センター,スポーツ施設,中村,,37.653351,139.042963,施設,OSM,,,way/362866884
中越,三条市,三条市栄体育館,スポーツ施設,新堀,,37.588395,138.921750,施設,OSM,,,way/362875836
下越,村上市,神林総合体育館,スポーツ施設,九日市,,38.179919,139.457348,施設,OSM,,,way/364832541
下越,胎内市,黒川体育館,スポーツ施設,黒川,,38.077307,139.437741,施設,OSM,,,way/364835507
中越,長岡市,長岡市和島体育館,スポーツ施設,小島谷,,37.575549,138.771091,施設,OSM,,,way/364838612
下越,新潟市,東総合スポーツセンター,スポーツ施設,新潟市,,37.915179,139.105058,施設,OSM,,,way/376987869
下越,新潟市西区,pool factory,スポーツ施設,寺尾台一丁目,,37.881494,138.975036,施設,OSM,,,way/377985421
下越,新潟市東区,新潟市庭球場,スポーツ施設,江口,,37.906988,139.125638,施設,OSM,,,way/378138759
下越,新潟市江南区,横越総合体育館,スポーツ施設,いぶき野一丁目,,37.858259,139.144466,施設,OSM,,,way/388226053
下越,新潟市江南区,亀田総合体育館,スポーツ施設,茅野山三丁目,,37.855856,139.097547,施設,OSM,,,way/389350315
下越,新潟市江南区,武道場・屋内多目的運動場,スポーツ施設,茅野山三丁目,,37.855636,139.096117,施設,OSM,,,way/392704125
下越,新潟市中央区,鳥屋野 運動公園,スポーツ施設|公園,女池南三丁目,,37.889526,139.046150,施設,OSM,,,way/393308387
下越,聖籠町,山倉地区多目的屋内運動場,スポーツ施設,大字諏訪山,,37.970960,139.281860,施設,OSM,,,way/397578591
下越,新潟市東区,ホリデイスポーツクラブ新潟赤道,スポーツ施設,上王瀬町,,37.934610,139.088532,施設,OSM,,,way/406118955
下越,新潟市西区,新潟ドーム,スポーツ施設,小新南二丁目,,37.867179,138.990544,施設,OSM,,,way/420049052
下越,新潟市中央区,新潟市鳥屋野総合体育館,スポーツ施設,神道寺南二丁目,,37.895147,139.061230,施設,OSM,,https://niigata-kaikou.jp/facility/420,way/420280505
下越,阿賀町,阿賀町スポーツ施設三川B&G海洋センター,スポーツ施設,黒岩,,37.689720,139.380369,施設,OSM,,,way/451814299
中越,燕市,燕市スポーツパーク,スポーツ施設,南七丁目,,37.660191,138.934064,施設,OSM,,,way/458181700
中越,三条市,三条・燕総合グランド,スポーツ施設,上須頃,,37.631772,138.936953,施設,OSM,,,way/458395004
下越,新潟市秋葉区,地区体育館,スポーツ施設,中野五丁目,,37.833119,139.108029,施設,OSM,,,way/464477575
下越,新潟市秋葉区,秋葉区総合体育館,スポーツ施設,程島,,37.788611,139.112363,施設,OSM,,,way/464491297
下越,新潟市北区,遊水館,スポーツ施設|プール,前新田,,37.914379,139.236082,施設,OSM,,https://www.hapisuka.com/facilities/yusuikan.html,way/464651396
下越,新潟市北区,豊栄総合体育館,スポーツ施設,嘉山,,37.905686,139.224382,施設,OSM,,,way/464651428
中越,三条市,三条市スポーツ施設市民プール,スポーツ施設|プール,南四日町四丁目,,37.615724,138.951876,施設,OSM,,,way/465379230
中越,三条市,アクティスらんなん,スポーツ施設,東本成寺,,37.615917,138.947260,施設,OSM,,,way/465847329
中越,小千谷市,小千谷市信濃川河川公園,スポーツ施設|公園,大字薭生,,37.312064,138.807401,施設,OSM,,,way/471883702
中越,長岡市,長岡ニュータウン運動公園,スポーツ施設|公園,陽光台五丁目,,37.434459,138.748404,施設,OSM,,,way/471883732
下越,新潟市北区,実戦空手道 理心館,スポーツ施設,早通北三丁目,,37.921561,139.185336,施設,OSM,,,way/494174526
下越,新潟市東区,山の下海浜公園プール,スポーツ施設|プール|公園,船江町一丁目,,37.954063,139.092915,施設,OSM,,,way/545685881
下越,新発田市,新発田市カルチャーセンター,スポーツ施設,本町四丁目,,37.950367,139.339599,施設,OSM,,,way/584716864
上越,糸魚川市,糸魚川市民総合体育館,スポーツ施設,上刈四丁目,,37.031557,137.860243,施設,OSM,,,way/594880607
中越,十日町市,クラブハウス,スポーツ施設,馬場癸,,37.050224,138.733146,施設,OSM,,,way/597015912
中越,長岡市,大体育館,スポーツ施設,学校町三丁目,,37.445019,138.860238,施設,OSM,,,way/624042518
中越,長岡市,小体育館,スポーツ施設,学校町三丁目,,37.444422,138.860052,施設,OSM,,,way/624042524
中越,長岡市,ダイエープロビスフェニックスプール,スポーツ施設|プール,長岡市 長倉町 1338番地,,37.432130,138.876120,施設,OSM,,https://www.nagaoka-swim.com/,way/624401356
中越,長岡市,体育館,スポーツ施設,柿町,,37.415933,138.865900,施設,OSM,,,way/624673590
中越,十日町市,中里アリーナ,スポーツ施設,田中,,37.053253,138.694702,施設,OSM,,,way/640497520
下越,五泉市,村松体育館 さくらアリーナ,スポーツ施設,石曽根,,37.696808,139.190007,施設,OSM,,,way/729106577
下越,阿賀野市,水原屋内体育館,スポーツ施設,土橋,,37.822933,139.216295,施設,OSM,,,way/744407116
中越,三条市,三条市体育文化会館,スポーツ施設,荒町二丁目,,37.637202,138.952550,施設,OSM,,,way/781781126
中越,長岡市,悠久山プール,スポーツ施設|プール,長岡市 悠久町 336番地,,37.434189,138.878597,施設,OSM,"We-Mo,PH 10:00-17:00 open ""Check website for temporary closure""; Jul Sa[1]-Sep Su[2] We-Mo,PH 09:30-17:00 open ""Check website for correct schedule and temporary closure""; PH +1 day We off; Dec 28-Jan 04 off",https://www.city.nagaoka.niigata.jp/shisetsu/sports/yukyuzanpu-ru.html,way/800294767
中越,加茂市,加茂市民体育館,スポーツ施設,大字加茂,,37.657572,139.053877,施設,OSM,,,way/851988629
中越,長岡市,与板体育館,スポーツ施設,与板町与板,,37.535568,138.815466,施設,OSM,,,way/854404459
中越,加茂市,勤労者体育センター,スポーツ施設,大字狭口,,37.654274,139.076436,施設,OSM,,,way/905259183
中越,加茂市,体操トレーニングセンター,スポーツ施設,大字狭口,,37.654863,139.076957,施設,OSM,,,way/905259184
中越,加茂市,温水プール,スポーツ施設|プール,神明町一丁目,,37.661933,139.062189,施設,OSM,,,way/905259188
下越,新潟市秋葉区,新潟市新津東部運動広場庭,スポーツ施設,古田ノ内大野開,,37.808211,139.131322,施設,OSM,,,way/962125630
上越,上越市,上越市大潟体育センター,スポーツ施設,大潟区岩野古新田,,37.225198,138.336464,施設,OSM,,,way/1212431077
下越,村上市,荒川温水,スポーツ施設|プール,坂町,,38.123300,139.453024,施設,OSM,,,way/1276062778
上越,上越市,上越市高田スポーツセンター,スポーツ施設,本城町,,37.106564,138.257129,施設,OSM,,,way/1276733282
中越,見附市,見附市総合体育館,スポーツ施設,月見台一丁目,,37.516846,138.928862,施設,OSM,,,way/1410159968
下越,新潟市西区,西総合スポーツセンター,スポーツ施設,五十嵐一の町,,37.879132,138.953380,施設,OSM,Mo-Sa 09:00-21:00; Su 09:00-17:00,https://niigata-kaikou.jp/facility/442,relation/16062144
中越,湯沢町,かぐらゴンドラ,遊覧・乗り物,大字三俣,,36.879692,138.741007,施設,OSM,,,way/92592826
中越,湯沢町,みつまたロープウェイ,遊覧・乗り物,大字三俣,,36.893696,138.770666,施設,OSM,,,way/92592847
中越,湯沢町,湯沢高原ロープウェイ,遊覧・乗り物,大字湯沢,,36.938799,138.797359,施設,OSM,,,way/94053504
中越,弥彦村,弥彦山ロープウェイ,遊覧・乗り物,大字弥彦,,37.709286,138.816344,施設,OSM,,https://www.hotel-juraku.co.jp/yahiko/,way/199766506
上越,妙高市,妙高高原スカイケーブル,遊覧・乗り物,大字関山,,36.888172,138.163219,施設,OSM,,,way/310222817
中越,湯沢町,田代ロープウェー,遊覧・乗り物,大字三国,,36.847004,138.764061,施設,OSM,,,way/390007386
中越,湯沢町,ドラゴンドラ,遊覧・乗り物,大字三国,,36.822576,138.764601,施設,OSM,,,way/390181227
中越,湯沢町,プリンス第1ゴンドラ,遊覧・乗り物,大字三国,,36.792633,138.772553,施設,OSM,,,way/391119290
中越,湯沢町,プリンス第2ゴンドラ,遊覧・乗り物,大字三国,,36.789578,138.775832,施設,OSM,,,way/391863929
中越,湯沢町,ディリジャンス,遊覧・乗り物,大字湯沢,,36.951467,138.791443,施設,OSM,,,way/408003182
中越,南魚沼市,八海山ロープウェイ,遊覧・乗り物,山口,,37.116875,138.985257,施設,OSM,,,way/436910597
上越,妙高市,妙高杉ノ原ゴンドラ,遊覧・乗り物,大字杉野沢,0255-86-6211,36.862965,138.142900,施設,OSM・妙高市,,https://myokotourism.jp/tourist-spots/%e5%a6%99%e9%ab%98%e6%9d%89%e3%83%8e%e5%8e%9f%e3%82%b4%e3%83%b3%e3%83%89%e3%83%a9/,way/455516970
中越,湯沢町,ランドー,遊覧・乗り物,大字湯沢,,36.939513,138.785049,施設,OSM,,,way/504457840
中越,南魚沼市,サンライズエクスプレス,遊覧・乗り物,石打,,36.976296,138.796878,施設,OSM,,,way/504529069
上越,妙高市,新井ゴンドラ,遊覧・乗り物,大字両善寺,,36.992753,138.164852,施設,OSM,,,way/554316907
下越,新潟市西蒲区,新潟県中央家畜保健衛生所,動物とふれあう,旗屋,,37.791545,138.924225,施設,OSM,,,node/14229710646
下越,新潟市中央区,ドルフィンスタジアム,動物とふれあう,西船見町,,37.924218,139.028377,施設,OSM,,,way/415787613
下越,新潟市中央区,ペンギン海岸,動物とふれあう,西船見町,,37.923451,139.028226,施設,OSM,,,way/415787614
下越,新潟市中央区,マリンサファリ,動物とふれあう,西船見町,,37.924189,139.029093,施設,OSM,,,way/415787615
中越,長岡市,フライング舎,動物とふれあう,御山町,,37.429279,138.881473,施設,OSM,,,way/876170076
中越,長岡市,クジャク舎,動物とふれあう,御山町,,37.429337,138.881220,施設,OSM,,,way/876170077
中越,長岡市,小動物舎,動物とふれあう,御山町,,37.429329,138.880891,施設,OSM,,,way/876170078
中越,長岡市,トキ近縁種飼育舎,動物とふれあう,御山町,,37.429093,138.881092,施設,OSM,,,way/876170079
中越,長岡市,サル舎,動物とふれあう,御山町,,37.429513,138.881088,施設,OSM,,,way/878778747
中越,長岡市,ウサギ広場,動物とふれあう,御山町,,37.429250,138.881215,施設,OSM,,,way/878778748
中越,長岡市,水鳥池,動物とふれあう,御山町,,37.429170,138.881337,施設,OSM,,,way/878778750
中越,長岡市,水鳥舎,動物とふれあう,御山町,,37.429191,138.881418,施設,OSM,,,way/878778751
下越,新潟市東区,迷路,アスレチック,大山二丁目,,37.935889,139.079029,施設,OSM,,,way/963375271
中越,長岡市,サル山,動物とふれあう,御山町,,37.429623,138.881164,施設,OSM,,,relation/11958054
下越,村上市,大洋酒造株式会社,酒蔵|醸造所見学|見学可,新潟県村上市飯野1-4-31,0254-53-3145,38.220100,139.476959,住所,県酒造組合,代表銘柄:大洋盛 / 創業:西暦1945年,http://www.taiyo-sake.co.jp,
下越,村上市,宮尾酒造株式会社,酒蔵|醸造所見学|見学可,新潟県村上市上片町5-15,0254-52-5181,38.228386,139.492508,住所,県酒造組合,代表銘柄:〆張鶴 / 創業:西暦1819年,http://www.shimeharitsuru.co.jp,
下越,新発田市,王紋酒造株式会社,酒蔵|醸造所見学|見学可,新潟県新発田市本町1丁目7番5号,0254-22-2350,37.949593,139.333282,住所,県酒造組合,代表銘柄:王紋 / 創業:西暦1790年,https://aumont.jp/,
下越,阿賀野市,越後桜酒造株式会社,酒蔵|醸造所見学|見学可,新潟県阿賀野市山口町1-7-13,0250-62-2033,37.840816,139.214554,住所,県酒造組合,代表銘柄:大吟醸越後桜 / 創業:西暦1890年,https://www.echigozakura.co.jp,
下越,阿賀野市,越つかの酒造株式会社,酒蔵|醸造所見学|見学可,新潟県阿賀野市分田1328,0250-62-2011,37.796764,139.197754,住所,県酒造組合,代表銘柄:越乃あじわい / 創業:西暦1781年,http://www.osakenet.jp/,
下越,新発田市,菊水酒造株式会社,酒蔵|醸造所見学|見学可,新潟県新発田市島潟750,0120-23-0101,37.960049,139.354614,住所,県酒造組合,代表銘柄:菊水ふなぐち / 創業:西暦1881年,https://www.kikusui-sake.com/,
下越,新発田市,ふじの井酒造株式会社,酒蔵|醸造所見学,新潟県新発田市藤塚浜1335,0254-41-3165,38.038528,139.305313,住所,県酒造組合,代表銘柄:ふじの井 上撰 / 創業:西暦1886年,http://www.sake-fujinoi.com,
下越,阿賀野市,白龍酒造株式会社,酒蔵|醸造所見学,新潟県阿賀野市岡山町3-7,0250-62-2222,37.835457,139.222214,住所,県酒造組合,代表銘柄:大吟醸 白龍 / 創業:西暦1839年,http://hakuryu-sake.com/,
下越,新発田市,金升酒造株式会社,酒蔵|醸造所見学|見学可,新潟県新発田市豊町1-9-30,0254-22-3131,37.938732,139.331711,住所,県酒造組合,代表銘柄:金升 / 創業:西暦1822年,http://kanemasu-sake.co.jp/,
下越,五泉市,近藤酒造株式会社,酒蔵|醸造所見学,新潟県五泉市吉沢2-3-50,0250-43-3187,37.737904,139.181366,住所,県酒造組合,代表銘柄:純米吟醸 越乃鹿六 / 創業:西暦1865年,https://kondo-shuzo.com/,
下越,五泉市,金鵄盃酒造株式会社,酒蔵|醸造所見学,新潟県五泉市村松甲1836番地1,0250-58-7125,37.684532,139.172745,住所,県酒造組合,代表銘柄:越後杜氏 / 創業:西暦1824年,http://www.kinshihai.com/,
下越,阿賀町,麒麟山酒造株式会社,酒蔵|醸造所見学|見学可,新潟県東蒲原郡阿賀町津川46,0254-92-3511,37.680607,139.459061,住所,県酒造組合,代表銘柄:麒麟山 / 創業:西暦1843年,http://www.kirinzan.co.jp,
下越,阿賀町,下越酒造株式会社,酒蔵|醸造所見学|見学可,新潟県東蒲原郡阿賀町津川3644番地,0254-92-3211,37.680405,139.455612,住所,県酒造組合,代表銘柄:ほまれ麒麟 / 創業:西暦1880年,http://www.sake-kirin.com/,
下越,新潟市秋葉区,村祐酒造株式会社,酒蔵|醸造所見学,新潟県新潟市秋葉区舟戸1-1-1,0250-38-2028,37.748356,139.092972,住所,県酒造組合,代表銘柄:花越路 / 創業:西暦1948年,,
下越,新潟市中央区,今代司酒造株式会社,酒蔵|醸造所見学|見学可,新潟県新潟市中央区鏡が岡1番1号,025-245-0325,37.915646,139.071457,住所,県酒造組合,代表銘柄:錦鯉 / 創業:1767年,http://imayotsukasa.co.jp/,
下越,新潟市江南区,石本酒造株式会社,酒蔵|醸造所見学,新潟県新潟市江南区北山847-1,025-276-2028,37.874958,139.119675,住所,県酒造組合,代表銘柄:越乃寒梅 / 創業:西暦1907年,http://www.koshinokanbai.co.jp/,
下越,新潟市西区,塩川酒造株式会社,酒蔵|醸造所見学|見学可,新潟県新潟市西区内野町662,025-262-2039,37.859741,138.940369,住所,県酒造組合,代表銘柄:越の関 / 創業:西暦1912年,https://www.shiokawa.biz,
下越,新潟市西区,樋木酒造株式会社,酒蔵|醸造所見学,新潟県新潟市西区内野町582番地,025-262-2014,37.857773,138.938629,住所,県酒造組合,代表銘柄:鶴の友 / 創業:西暦1832年,,
下越,新潟市北区,株式会社越後伝衛門,酒蔵|醸造所見学,新潟県新潟市北区内島見101-1,025-388-5020,37.939583,139.202835,住所,県酒造組合,代表銘柄:GOZ / 創業:西暦1996年,,
下越,新潟市北区,株式会社DHC酒造,酒蔵|醸造所見学,新潟県新潟市北区嘉山1丁目6番1号,025-387-2025,37.913574,139.219025,住所,県酒造組合,代表銘柄:悠天 / 創業:西暦1908年,http://bairi.net/,
下越,新潟市北区,株式会社越後酒造場,酒蔵|醸造所見学,新潟県新潟市北区葛塚3306番1,025-387-2008,37.914742,139.220001,住所,県酒造組合,代表銘柄:越の八豊 / 創業:西暦1932年,http://www.echigoshuzojo.co.jp/,
下越,新潟市西蒲区,たからやま醸造株式会社,酒蔵|醸造所見学|見学可,新潟県新潟市西蒲区石瀬1380,0256-77-9301,37.724602,138.838867,住所,県酒造組合,代表銘柄:たからやま / 創業:西暦1885年,https://shop.takarayama-brewery.co.jp/,
下越,新潟市西蒲区,峰乃白梅酒造株式会社,酒蔵|醸造所見学,新潟県新潟市西蒲区福井1833,0256-73-5000,37.756733,138.836166,住所,県酒造組合,代表銘柄:峰乃白梅 / 創業:不明,http://www.minenohakubai.co.jp/,
下越,新潟市西蒲区,株式会社越後鶴亀,酒蔵|醸造所見学,新潟県新潟市西蒲区竹野町2580,0256-72-2039,37.765060,138.867798,住所,県酒造組合,代表銘柄:越後鶴亀 / 創業:西暦1890年,http://www.echigotsurukame.com,
下越,新潟市西蒲区,朝妻酒造株式会社,酒蔵|醸造所見学,新潟県新潟市西蒲区曽根251番地2,0256-88-7895,37.796047,138.916870,住所,県酒造組合,代表銘柄:雪の幻 / 創業:西暦1909年,http://www.yukinomaboroshi.jp/,
中越,弥彦村,弥彦酒造株式会社,酒蔵|醸造所見学,,0256-94-3100,37.703419,138.827972,地名(概略),県酒造組合,代表銘柄:彌彦　PREMIUM33　純米大吟醸 / 創業:西暦1838年,http://www.yahiko-shuzo.jp         http://www.yahikonosake.com,
中越,三条市,福顔酒造株式会社,酒蔵|醸造所見学,新潟県三条市林町1-5-38,0256-33-0123,37.628960,138.964264,住所,県酒造組合,代表銘柄:越後五十嵐川 / 創業:西暦1897年,http://www.fukugao.jp,
中越,加茂市,加茂錦酒造株式会社,酒蔵|醸造所見学,新潟県加茂市仲町3-3,0256-52-0035,37.658367,139.056442,住所,県酒造組合,代表銘柄:加茂錦 / 創業:西暦1893年,http://www.kamonishiki.com/,
中越,加茂市,株式会社マスカガミ,酒蔵|醸造所見学,新潟県加茂市若宮町1-1-32,0256-52-0041,37.656200,139.063705,住所,県酒造組合,代表銘柄:萬寿鏡、蔵之主、甕覗 / 創業:西暦1892年,http://www.masukagami.co.jp/,
中越,加茂市,雪椿酒造株式会社,酒蔵|醸造所見学,新潟県加茂市仲町3-14,01-01-530,37.657562,139.056396,住所,県酒造組合,代表銘柄:越乃雪椿,http://www.yukitsubaki.co.jp/,
中越,長岡市,柏露酒造株式会社,酒蔵|醸造所見学,新潟県長岡市十日町字小島1927番地,0258-22-2234,37.389526,138.833176,住所,県酒造組合,代表銘柄:柏露 / 創業:西暦1751年,http://www.hakuroshuzo.co.jp,
中越,長岡市,葵酒造株式会社,酒蔵|醸造所見学,新潟県長岡市地蔵1-8-2,0258-32-0181,37.455021,138.865280,住所,県酒造組合,代表銘柄:Maison Aoi / 創業:安政年間,https://aoi-brewery.jp/,
中越,長岡市,吉乃川株式会社,酒蔵|醸造所見学|見学可,新潟県長岡市摂田屋4-8-12,0258-77-9910,37.416336,138.840897,住所,県酒造組合,代表銘柄:吟醸 極上吉乃川 / 創業:西暦1548年,http://www.yosinogawa.co.jp,
中越,長岡市,長谷川酒造株式会社,酒蔵|醸造所見学,新潟県長岡市摂田屋2-7-28,0258-32-0270,37.412571,138.845093,住所,県酒造組合,代表銘柄:越後雪紅梅 / 創業:西暦1842年,https://sekkobai.jp,
中越,長岡市,お福酒造株式会社,酒蔵|醸造所見学|見学可,新潟県長岡市横枕町606番地,0258-22-0086,37.403332,138.851395,住所,県酒造組合,代表銘柄:お福正宗 上撰 / 創業:西暦1898年,https://ofuku-shuzo.co.jp,
中越,長岡市,恩田酒造株式会社,酒蔵|醸造所見学,新潟県長岡市六日市町1330番地,0258-22-2134,37.360828,138.834595,住所,県酒造組合,代表銘柄:舞鶴鼓 / 創業:西暦1875年,http://www.maitsuru.com,
中越,長岡市,住乃井酒造株式会社,酒蔵|醸造所見学,新潟県長岡市吉崎581-1,0258-42-2229,37.496674,138.783234,住所,県酒造組合,代表銘柄:笑満壽 特別純米酒 / 創業:西暦1758年,http://www.suminoi.com,
中越,長岡市,中川酒造株式会社,酒蔵|醸造所見学|見学可,新潟県長岡市脇野町2011番地,0258-42-2707,37.500179,138.781448,住所,県酒造組合,代表銘柄:越乃白雁 黒松 / 創業:西暦1888年,https://www.koshinohakugan.com,
中越,長岡市,河忠酒造株式会社,酒蔵|醸造所見学,新潟県長岡市脇野町1677番地,0258-42-2405,37.503815,138.784302,住所,県酒造組合,代表銘柄:想天坊 / 創業:西暦1765年,http://www.soutenbou.jp,
中越,長岡市,関原酒造株式会社,酒蔵|醸造所見学,新潟県長岡市関原町1-1029-1,0258-46-2010,37.453625,138.774994,住所,県酒造組合,代表銘柄:群亀 / 創業:西暦1716年,http://www.sake-sekihara.co.jp/,
中越,長岡市,栃倉酒造株式会社,酒蔵|醸造所見学,新潟県長岡市大積町1丁目乙274-3,0258-46-2205,37.432999,138.726257,住所,県酒造組合,代表銘柄:米百俵 伝統の酒 / 創業:西暦1904年,,
中越,長岡市,朝日酒造株式会社,酒蔵|醸造所見学|見学可,新潟県長岡市朝日880-1,0258-92-3181,37.397415,138.774719,住所,県酒造組合,代表銘柄:久保田 / 創業:西暦1830年,https://www.asahi-shuzo.co.jp/,
中越,長岡市,久須美酒造株式会社,酒蔵|醸造所見学,新潟県長岡市小島谷1537-2,0258-74-3101,37.560894,138.769135,住所,県酒造組合,代表銘柄:清泉 / 創業:西暦1833年,https://www.facebook.com/profile.php?id=100057280607069,
中越,長岡市,池浦酒造株式会社,酒蔵|醸造所見学|見学可,新潟県長岡市両高1538,0258-74-3141,37.579620,138.743088,住所,県酒造組合,代表銘柄:和楽互尊 / 創業:西暦1830年,http://ikeura-shuzo.com,
中越,長岡市,美峰酒類株式会社新潟支社,酒蔵|醸造所見学,新潟県長岡市十日町字小島1919,0258-22-2136,37.387989,138.833282,住所,県酒造組合,代表銘柄:越後の米焼酎 こしひかり / 創業:西暦1941年,http://www.mihoshurui.co.jp/,
中越,小千谷市,新潟銘醸株式会社,酒蔵|醸造所見学,新潟県小千谷市東栄1丁目8-39,0258-83-2025,37.307945,138.810303,住所,県酒造組合,代表銘柄:大吟醸 美禄長者盛 / 創業:西暦1938年,http://www.niigata-meijo.com/,
中越,小千谷市,高の井酒造株式会社,酒蔵|醸造所見学,新潟県小千谷市東栄3丁目7番67号,0258-83-3450,37.313648,138.812820,住所,県酒造組合,代表銘柄:越の初梅 辛口本醸造（ハチカラ） / 創業:西暦1955年,http://www.hatsuume.co.jp,
中越,魚沼市,緑川酒造株式会社,酒蔵|醸造所見学|見学可,新潟県魚沼市青島4015-1,025-792-2117,37.209709,138.953705,住所,県酒造組合,代表銘柄:純米 緑川 / 創業:西暦1884年,,
中越,魚沼市,玉川酒造株式会社,酒蔵|醸造所見学|見学可,新潟県魚沼市須原1643,025-797-2017,37.324287,139.018402,住所,県酒造組合,代表銘柄:魚沼玉風味 / 創業:西暦1673年,http://www.yukikura.com/,
中越,南魚沼市,八海醸造株式会社,酒蔵|醸造所見学,新潟県南魚沼市長森1051,0800-800-3865,37.101215,138.925522,住所,県酒造組合,代表銘柄:特別本醸造 八海山 / 創業:西暦1922年,https://www.hakkaisan.co.jp/,
中越,南魚沼市,青木酒造株式会社,酒蔵|醸造所見学,新潟県南魚沼市塩沢1214,025-782-0023,37.040226,138.850906,住所,県酒造組合,代表銘柄:鶴齢 / 創業:西暦1717年,http://www.kakurei.co.jp,
中越,南魚沼市,髙千代酒造株式会社,酒蔵|醸造所見学,新潟県南魚沼市長崎328番地1,025-782-0507,37.015678,138.877899,住所,県酒造組合,代表銘柄:髙千代 / 創業:西暦1868年,http://www.takachiyo.co.jp,
中越,湯沢町,白瀧酒造株式会社,酒蔵|醸造所見学|見学可,新潟県南魚沼郡湯沢町大字湯沢2640,025-775-7422,36.933987,138.817474,住所(概略),県酒造組合,代表銘柄:上善如水 純米吟醸 / 創業:西暦1855年,http://www.jozen.co.jp,
中越,十日町市,株式会社松乃井酒造場,酒蔵|醸造所見学,新潟県十日町市上野甲50-1,025-768-2047,37.175949,138.748398,住所,県酒造組合,代表銘柄:松乃井 / 創業:西暦1896年,http://www.matsunoi.net/,
中越,津南町,苗場酒造株式会社,酒蔵|醸造所見学|見学可,新潟県中魚沼郡津南町大字下船渡戊555,025-765-2011,36.884422,138.658096,住所(概略),県酒造組合,代表銘柄:醸す森 / 創業:西暦1907年,http://www.naebasan.com/,
中越,十日町市,魚沼酒造株式会社,酒蔵|醸造所見学|見学可,新潟県十日町市中条丙1276,025-752-3017,37.151344,138.774719,住所,県酒造組合,代表銘柄:特別本醸造天神囃子 / 創業:西暦1873年,http://www.tenjinkk.com/,
中越,津南町,津南醸造株式会社,酒蔵|醸造所見学|見学可,新潟県中魚沼郡津南町大字秋成7141,025-765-5252,36.884422,138.658096,住所(概略),県酒造組合,代表銘柄:つなん / 創業:西暦1953年,https://tsunan-sake.com/,
中越,柏崎市,原酒造株式会社,酒蔵|醸造所見学|見学可,新潟県柏崎市新橋5番12号,0257-23-6221,37.365917,138.550217,住所,県酒造組合,代表銘柄:越の誉 / 創業:西暦1814年,http://www.harashuzou.com/,
中越,柏崎市,阿部酒造株式会社,酒蔵|醸造所見学,新潟県柏崎市安田3560,025-229-1218,37.348511,138.611465,住所,県酒造組合,代表銘柄:越乃男山 / 創業:西暦1804年,http://www.abeshuzo.com,
中越,柏崎市,石塚酒造株式会社,酒蔵|醸造所見学|見学可,新潟県柏崎市高柳町岡野町1820-2,0257-41-2004,37.225124,138.636169,住所,県酒造組合,代表銘柄:姫の井 / 創業:西暦1912年,http://www.himenoi.com/,
上越,上越市,株式会社武蔵野酒造,酒蔵|醸造所見学|見学可,新潟県上越市西城町4-7-46,025-523-2169,37.116695,138.249481,住所,県酒造組合,代表銘柄:スキー正宗,http://musashino-shuzo.com,
上越,上越市,田中酒造株式会社,酒蔵|醸造所見学,新潟県上越市長浜129-1,025-546-2311,37.153763,138.168259,住所,県酒造組合,代表銘柄:上撰黒松 能鷹 / 創業:西暦1643年,http://www.noutaka.jp/,
上越,上越市,妙高酒造株式会社,酒蔵|醸造所見学|見学可,新潟県上越市南本町2-7-47,025-522-2111,37.100933,138.250549,住所,県酒造組合,代表銘柄:妙高山・越乃雪月花 / 創業:西暦1815年,https://myokoshuzo.co.jp/,
上越,妙高市,君の井酒造株式会社,酒蔵|醸造所見学|見学可,新潟県妙高市下町3-11,0255-72-3136,37.028927,138.250412,住所,県酒造組合,代表銘柄:君の井 山廃純米吟醸 / 創業:西暦1842年,http://www.kiminoi.co.jp/,
上越,妙高市,千代の光酒造株式会社,酒蔵|醸造所見学|見学可,新潟県妙高市大字窪松原656,0255-72-2814,36.965935,138.283630,住所(概略),県酒造組合,代表銘柄:千代の光 特別本醸造 / 創業:西暦1860年,http://www.chiyonohikari.com,
上越,妙高市,鮎正宗酒造株式会社,酒蔵|醸造所見学|見学可,新潟県妙高市大字猿橋636番地,0255-75-2231,36.965935,138.283630,住所(概略),県酒造組合,代表銘柄:鮎正宗 / 創業:西暦1875年,http://www.ayumasamune.com/,
上越,上越市,株式会社丸山酒造場,酒蔵|醸造所見学,新潟県上越市三和区塔ノ輪617,025-532-2603,37.140678,138.361008,住所,県酒造組合,代表銘柄:雪中梅 / 創業:西暦1897年,https://maruyama-shuzojo.jp,
上越,上越市,合資会社竹田酒造店,酒蔵|醸造所見学|見学可,新潟県上越市大潟区上小船津浜171,025-534-2320,37.219227,138.313538,住所,県酒造組合,代表銘柄:かたふね / 創業:西暦1866年,http://www.katafune.jp/,
上越,上越市,株式会社小山酒造店,酒蔵|醸造所見学,新潟県上越市大潟区土底浜3627,025-534-2022,37.228256,138.325623,住所,県酒造組合,代表銘柄:越後自慢・醸し香,,
上越,上越市,頚城酒造株式会社,酒蔵|醸造所見学,新潟県上越市柿崎区柿崎5765番地,025-536-2329,37.275417,138.393311,住所,県酒造組合,代表銘柄:越路乃紅梅 / 創業:西暦1936年,http://www.kubiki-shuzo.co.jp/,
上越,上越市,代々菊醸造株式会社,酒蔵|醸造所見学|見学可,新潟県上越市柿崎区角取597番地,025-536-2469,37.255028,138.399582,住所,県酒造組合,代表銘柄:越後の蔵元 吟田川,,
上越,上越市,加藤酒造株式会社,酒蔵|醸造所見学,新潟県上越市吉川区下深沢233,025-548-3765,37.214172,138.408707,住所,県酒造組合,代表銘柄:清正 / 創業:西暦1864年,,
上越,上越市,上越酒造株式会社,酒蔵|醸造所見学|見学可,新潟県上越市飯田508,025-528-4011,37.098103,138.334930,住所,県酒造組合,代表銘柄:越後美人 / 創業:西暦1804年,,
上越,上越市,新潟第一酒造株式会社,酒蔵|醸造所見学,新潟県上越市浦川原区横川660番地,025-599-2236,37.162262,138.413177,住所,県酒造組合,代表銘柄:越の白鳥 / 創業:西暦1911年,https://www.hakuchosake.com/,
上越,上越市,株式会社よしかわ杜氏の郷,酒蔵|醸造所見学|見学可,新潟県上越市吉川区杜氏の郷1番地,025-548-2331,37.241566,138.376740,住所,県酒造組合,代表銘柄:よしかわ杜氏・天恵楽・有りがたし / 創業:西暦1999年,http://www.yoshikawa-touji.co.jp,
上越,糸魚川市,池田屋酒造株式会社,酒蔵|醸造所見学,新潟県糸魚川市新鉄1-3-4,025-552-0011,37.043839,137.856857,住所,県酒造組合,代表銘柄:謙信 / 創業:西暦1812年,,
上越,糸魚川市,田原酒造株式会社,酒蔵|醸造所見学,新潟県糸魚川市押上1-1-25,025-552-0109,37.048393,137.874985,住所,県酒造組合,代表銘柄:雪鶴 / 創業:西暦1897年,https://www.yukitsuru.com/,
上越,糸魚川市,合名会社渡辺酒造店,酒蔵|醸造所見学,新潟県糸魚川市根小屋1197-1,025-558-2006,36.961861,137.868011,住所,県酒造組合,代表銘柄:根知男山 / 創業:西暦1868年,http://www.nechiotokoyama.jp/,
上越,糸魚川市,猪又酒造株式会社,酒蔵|醸造所見学,新潟県糸魚川市新町71-1,025-555-2402,37.036198,137.929382,住所,県酒造組合,代表銘柄:月不見の池 / 創業:西暦1890年,http://www.tsukimizunoike.com/,
下越,新潟市北区,LAGOON BREWERY合同会社(ラグーンブリュワリー),酒蔵|醸造所見学|見学可,新潟県新潟市北区前新田乙576−1,025-250-0069,37.908222,139.227448,住所,県酒造組合,代表銘柄:翔空 / 創業:2021年,https://www.lagoon-brewery.com/,
中越,十日町市,雪と里山醸造所,酒蔵|醸造所見学,新潟県十日町市松之山黒倉1880-1,025-506-5509,37.093727,138.576523,住所(概略),県酒造組合,代表銘柄:雪と里山 / 創業:2025年10月1日,https://www.instagram.com/snow_satoyama/,
中越,十日町市,十日町里山ウォーキング 儀明・蒲生の棚田コース,登山・トレッキング|体験プログラム|棚田|夏季,新潟県十日町市内に点在している棚田の中でも、特に人気の高い2つの棚田を巡る,,37.141785,138.744156,住所,十日町市,,https://www.tokamachishikankou.jp/spot/gimyo_kamo_walking/,
中越,十日町市,みよしや,温泉・入浴,新潟県十日町市松之山湯本19-1,025-596-2017,37.063736,138.587234,住所(概略),十日町市,,https://www.tokamachishikankou.jp/spot/yoshiya/,
中越,十日町市,醸す森,温泉・入浴|宿泊もできる,新潟県十日町市松之山黒倉1879-4,025-596-2200,37.093727,138.576523,住所(概略),十日町市,,https://www.tokamachishikankou.jp/spot/kamosumori/,
中越,十日町市,株式会社のうランド 黒沢観光栗・さるなし園,体験プログラム,新潟県十日町市伊達甲1177,090-6923-7743,37.097824,138.754166,住所,十日町市,,https://www.tokamachishikankou.jp/spot/kurosawakankoukurisarunashien/,
中越,十日町市,十日町市立里山科学館 越後松之山「森の学校」キョロロ,スノーアクティビティ|登山・トレッキング|ものづくり体験|体験プログラム|夏季|冬季,新潟県十日町市松之山松口1712-2,025-595-8311,37.100395,138.622406,住所(概略),十日町市,,https://www.tokamachishikankou.jp/spot/kyororo/,
中越,十日町市,田代の七ツ釜,自然観察,新潟県十日町市田代,,36.975780,138.716797,住所(概略),十日町市,,https://www.tokamachishikankou.jp/spot/tashirononanatsugama/,
中越,十日町市,日本三大薬湯・松之山温泉の観光ガイド│温泉街の歩き方,温泉・入浴|ガイドツアー,新潟県十日町市松之山,025-597-3442,37.082775,138.601120,住所(概略),十日町市,,https://www.tokamachishikankou.jp/spot/motsunoyamaonsengou/,
中越,十日町市,棚田ステーション,体験プログラム|棚田,新潟県十日町市蒲生2119-1,,37.132095,138.581528,住所(概略),十日町市,,https://www.tokamachishikankou.jp/spot/tanadastation/,
中越,十日町市,【夏休み限定！】 サマーナイトツアー,体験プログラム|ガイドツアー,新潟県十日町市珠川　当間高原リゾート内,025-758-4811,37.127499,138.755569,住所(概略),十日町市,,https://www.tokamachishikankou.jp/spot/popola_nighttour/,
中越,十日町市,ホタルの夕べ,体験プログラム,新潟県十日町市珠川　当間高原リゾート内,025-758-4811,37.127499,138.755569,住所(概略),十日町市,,https://www.tokamachishikankou.jp/spot/popola_hotaru/,
中越,十日町市,ポポラ木育ひろば（あてま森と水辺の教室ポポラ）,体験プログラム|夏季|冬季,新潟県十日町市珠川 当間高原リゾート内（森のホール）,025-758-4811,37.127499,138.755569,住所(概略),十日町市,,https://www.tokamachishikankou.jp/spot/popora_mokuikuhiroba/,
中越,十日町市,電動スポーツサイクル「里山E-バイク」,サイクリング|体験プログラム|夏季,新潟県十日町市総合観光案内所：ほくほく線十日町駅内（西口２階）,025-595-8588,37.127499,138.755569,住所(概略),十日町市,,https://www.tokamachishikankou.jp/spot/e-bike/,
中越,十日町市,凌雲閣,温泉・入浴|宿泊もできる,新潟県十日町市松之山天水越81,025-596-2100,37.042458,138.578583,住所(概略),十日町市,,https://www.tokamachishikankou.jp/spot/ryouunkaku/,
中越,十日町市,ベルナティオ フォーラムセンター,カヌー・カヤック|サイクリング|ゴルフ|体験プログラム|夏季,新潟県十日町市珠川 フォーラムセンター,025-758-4888,37.127499,138.755569,住所(概略),十日町市,,https://www.tokamachishikankou.jp/spot/belnatioforumcenter/,
中越,十日町市,あてま高原リゾートベルナティオ ゴルフコース,ゴルフ|温泉・入浴|宿泊もできる|夏季,新潟県十日町市珠川,025-758-4888,37.127499,138.755569,住所(概略),十日町市,,https://www.tokamachishikankou.jp/spot/belnatio_golf/,
中越,十日町市,「そば打ち体験」そば処あてま（ベルナティオ フォーラムセンター内）,料理・そば打ち体験|体験プログラム,新潟県十日町市珠川 当間高原リゾートベルナティオ　フォーラムセンター内,025-758-4888,37.127499,138.755569,住所(概略),十日町市,,https://www.tokamachishikankou.jp/spot/atema_soba_experience/,
中越,十日町市,あてま森と水辺の教室ポポラ,スノーアクティビティ|登山・トレッキング|ものづくり体験|体験プログラム|夏季|冬季,新潟県十日町市珠川 当間高原リゾートベルナティオ内,025-758-4811,37.127499,138.755569,住所(概略),十日町市,,https://www.tokamachishikankou.jp/spot/popora/,
中越,十日町市,スノーランドフォレストフェアリー（ベルナティオ）,スノーアクティビティ|体験プログラム|冬季,新潟県十日町市珠川,025-758-4888,37.127499,138.755569,住所(概略),十日町市,,https://www.tokamachishikankou.jp/spot/belnatio/,
中越,南魚沼市,魚沼スカイライン,ドライブ,新潟県南魚沼市小栗山　他,,37.067329,138.840027,住所,十日町市,,https://www.tokamachishikankou.jp/spot/uonumaskyline/,
中越,十日町市,薬湯香ル宿 白川屋旅館,温泉・入浴|日帰り入浴|宿泊もできる,新潟県十日町市松之山湯本55-1,025-596-2003,37.063736,138.587234,住所(概略),十日町市,,https://www.tokamachishikankou.jp/spot/shirakawaya/,
中越,十日町市,清津峡渓谷・水のリトリート│日帰りリトリート,体験プログラム|ガイドツアー|自然観察|夏季|冬季,新潟県十日町市小出癸615番地,070-4559-8609,36.953156,138.734940,住所(概略),十日町市,,https://www.tokamachishikankou.jp/spot/kiyotsu_ritreet1day/,
中越,十日町市,まつのやま茶倉,体験プログラム,新潟県十日町市松之山黒倉1150,025-594-7188,37.093727,138.576523,住所(概略),十日町市,,https://www.tokamachishikankou.jp/spot/chakura/,
中越,十日町市,塩ノ又温泉 湯元荘,温泉・入浴|日帰り入浴|宿泊もできる,新潟県十日町市塩ノ又（庚553）,025-752-2169,37.127499,138.755569,住所(概略),十日町市,,https://www.tokamachishikankou.jp/spot/yumotosou/,
中越,十日町市,バードウォッチング,夏季,,,37.127499,138.755569,地名(概略),十日町市,,https://www.tokamachishikankou.jp/spot/bird-watching/,
中越,十日町市,Ponshu Hotel 睡夢［Suimu］,温泉・入浴,新潟県十日町市松之山湯本60-1,,37.063736,138.587234,住所(概略),十日町市,,https://www.tokamachishikankou.jp/spot/ponshu-hotel-suimu/,
中越,十日町市,松之山温泉 里山ビジターセンター／湯治BAR,温泉・入浴|宿泊もできる,新潟県十日町市松之山湯本9‐4（ひなの宿ちとせ向かい）,025-595-8588,37.063736,138.587234,住所(概略),十日町市,,https://www.tokamachishikankou.jp/spot/satoyamavisitercenter/,
中越,十日町市,農家民泊 燈家 Kominka  Akariya,体験プログラム|宿泊もできる,新潟県十日町市下組368‐1,0487-12-900,37.216537,138.780701,住所,十日町市,,https://www.tokamachishikankou.jp/spot/noukaminpakuakariya/,
中越,十日町市,美人林,自然観察,新潟県十日町市松之山松口1712-2付近,025-597-3442,37.100395,138.622406,住所(概略),十日町市,,https://www.tokamachishikankou.jp/spot/bijinbayashi/,
中越,十日町市,越後松代棚田群 星峠の棚田,棚田,新潟県十日町市峠,025-757-3345,37.118618,138.530579,住所(概略),十日町市,,https://www.tokamachishikankou.jp/spot/hoshitougenotanada/,
中越,十日町市,節黒城跡キャンプ場,キャンプ|夏季,新潟県十日町市上野甲2924-28,025-761-1515,37.185257,138.731445,住所(概略),十日町市,,https://www.tokamachishikankou.jp/spot/fushigurozyoyuseki_campground/,
中越,十日町市,越後妻有交流館「明石の湯」,温泉・入浴|日帰り入浴,新潟県十日町市本町六の一丁目71-2,025-752-0117,37.139030,138.760132,住所(概略),十日町市,,https://www.tokamachishikankou.jp/spot/akashinoyu/,
中越,十日町市,松代城跡公園キャンプ場,キャンプ|公園|宿泊もできる|夏季,新潟県十日町市松代5236,025-597-2220,37.133778,138.607941,住所(概略),十日町市,,https://www.tokamachishikankou.jp/spot/matsudaijosekipark_campground/,
中越,十日町市,光の館,アート|宿泊もできる,新潟県十日町市上野甲2891,025-761-1090,37.189617,138.730042,住所,十日町市,,https://www.tokamachishikankou.jp/spot/houseoflight/,
中越,十日町市,釣り堀（中魚沼漁業協同組合）,釣り|体験プログラム|夏季,新潟県十日町市干溝壬1508,025-763-3012,37.055431,138.689896,住所,十日町市,,https://www.tokamachishikankou.jp/spot/tsuribori/,
中越,十日町市,うぶすなの家,アート|宿泊もできる,新潟県十日町市東下組3110,025-761-7767,37.195717,138.817856,住所,十日町市,,https://www.tokamachishikankou.jp/spot/ubusunanoie/,
中越,十日町市,【山菜体験】春の息吹を感じる 山菜採りアドベンチャー（ランチ付き）,アスレチック|体験プログラム|夏季,新潟県十日町市珠川 当間高原リゾート内,025-758-4811,37.127499,138.755569,住所(概略),十日町市,,https://www.tokamachishikankou.jp/spot/alpsadventure/,
中越,十日町市,▲越後妻有 大厳寺高原キャンプ場,マリンスポーツ|カヌー・カヤック|登山・トレッキング|サイクリング|キャンプ|宿泊もできる|夏季,新潟県十日町市松之山天水越,025-596-3133,37.042458,138.578583,住所(概略),十日町市,,https://www.tokamachishikankou.jp/spot/daigonjikogen_campground/,
中越,十日町市,電動アシスト自転車「里チャリ」,サイクリング|体験プログラム|夏季,新潟県-17 十日町市総合観光案内所,025-750-1277,37.902451,139.023239,住所,十日町市,,https://www.tokamachishikankou.jp/spot/satochari/,
中越,十日町市,【雪国の山菜フキ・ワラビを採る】旬の山菜採り,体験プログラム,新潟県十日町市珠川 当間高原リゾート内,025-758-4141,37.127499,138.755569,住所(概略),十日町市,,https://www.tokamachishikankou.jp/spot/popora-sansai/,
中越,十日町市,【早春の山菜採り体験】ふきのとう採り,体験プログラム,新潟県十日町市珠川 当間高原リゾート内,025-758-4141,37.127499,138.755569,住所(概略),十日町市,,https://www.tokamachishikankou.jp/spot/popora-fukinoto/,
中越,十日町市,【手作り体験】森のホール工作 （あてま森と水辺の教室ポポラ）,スノーアクティビティ|体験プログラム|冬季,新潟県十日町市珠川 当間高原リゾート内（森のホール）,025-758-4811,37.127499,138.755569,住所(概略),十日町市,,https://www.tokamachishikankou.jp/spot/popora_craft/,
中越,十日町市,【親子で稲作体験！】 田っぽビオトープ大作戦,体験プログラム,新潟県十日町市珠川　当間高原リゾート内,025-758-4811,37.127499,138.755569,住所(概略),十日町市,,https://www.tokamachishikankou.jp/spot/tappo_biotope/,
中越,十日町市,【森の勇者の挑戦】ポポラクエスト,体験プログラム,新潟県十日町市珠川　当間高原リゾート内,025-758-4811,37.127499,138.755569,住所(概略),十日町市,,https://www.tokamachishikankou.jp/spot/popola_quest/,
中越,十日町市,雪原学舎※冬季間のみ営業,キャンプ|体験プログラム|宿泊もできる|冬季,新潟県十日町市本屋敷丁５８ １,,37.081409,138.689148,住所,十日町市,,https://www.tokamachishikankou.jp/spot/setugengakusha/,
中越,十日町市,いちごはうす,体験プログラム,新潟県十日町市水口沢1031-1,025-761-7308,37.163498,138.706741,住所,十日町市,,https://www.tokamachishikankou.jp/spot/ichigohouse/,
中越,十日町市,清津峡／Tunnel of Light,自然観察,新潟県十日町市小出癸2119-2,025-763-4800,36.953156,138.734940,住所(概略),十日町市,,https://www.tokamachishikankou.jp/spot/kiyotsukyo/,
中越,十日町市,にいがた松之山山菜園,体験プログラム,新潟県十日町市松之山橋詰238－1,025-596-3421,37.081001,138.622498,住所,十日町市,,https://www.tokamachishikankou.jp/spot/matsunoyamasansaien/,
中越,十日町市,十日町のか～ちゃんしょと作る採れたてごっつぉ,料理・そば打ち体験|体験プログラム,新潟県十日町市馬場丁1253−2　みんなの家,,37.095661,138.729767,住所(概略),十日町市,,https://www.tokamachishikankou.jp/spot/cooking_experience/,
中越,十日町市,かんじき体験,スノーアクティビティ|体験プログラム|冬季,,025-761-7433,37.127499,138.755569,地名(概略),十日町市,,https://www.tokamachishikankou.jp/spot/kanziki_experience/,
中越,十日町市,ぐるぐるパン作り体験,料理・そば打ち体験|体験プログラム,新潟県十日町市宮中己4197（ミオンなかさと第二駐車場）,080-9415-1501,37.069275,138.690979,住所(概略),十日町市,,https://www.tokamachishikankou.jp/spot/komekonogurugurupandukuri/,
中越,十日町市,オーストラリア・ハウス,アート|宿泊もできる,新潟県十日町市浦田 7577-1,025-761-7767,37.059322,138.554535,住所(概略),十日町市,,https://www.tokamachishikankou.jp/spot/australiahouse/,
中越,十日町市,夢の家,温泉・入浴|アート|宿泊もできる,新潟県十日町市松之山湯本643,025-761-7767,37.063736,138.587234,住所(概略),十日町市,,https://www.tokamachishikankou.jp/spot/yumenoie/,
中越,十日町市,三省ハウス,アート|宿泊もできる,新潟県十日町市松之山小谷327,025-596-3854,37.110794,138.588882,住所,十日町市,,https://www.tokamachishikankou.jp/spot/sansyouhouse/,
中越,十日町市,脱皮する家,アート|宿泊もできる,新潟県十日町市峠776,025-761-7767,37.118618,138.530579,住所(概略),十日町市,,https://www.tokamachishikankou.jp/spot/dappisuruie/,
中越,十日町市,▲越後妻有 松之山温泉スノーパーク（松之山温泉スキー場）,スキー・スノーボード|スノーアクティビティ|温泉・入浴|冬季,新潟県十日町市松之山天水島909,025-596-3133,37.051701,138.604919,住所(概略),十日町市,,https://www.tokamachishikankou.jp/spot/matsunoyamaonsen_skiarea/,
中越,十日町市,上越国際スキー場 あてまゲレンデ,スキー・スノーボード|冬季,,025-758-3291,37.052670,138.699799,地名(概略),十日町市,,https://www.tokamachishikankou.jp/spot/atemagerennde/,
中越,十日町市,松代ファミリースキー場,スキー・スノーボード|冬季,新潟県十日町市松代5265,025-597-3330,37.133778,138.607941,住所(概略),十日町市,,https://www.tokamachishikankou.jp/spot/matsudaifamily_skiarea/,
中越,十日町市,清津峡温泉郷,温泉・入浴,新潟県十日町市小出,025-763-2181,36.953156,138.734940,住所(概略),十日町市,,https://www.tokamachishikankou.jp/spot/kiyotsukyoonsengou/,
中越,十日町市,酒の宿 玉城屋,温泉・入浴|宿泊もできる,新潟県十日町市松之山湯本13,025-596-2057,37.063736,138.587234,住所(概略),十日町市,,https://www.tokamachishikankou.jp/spot/tamakiya/,
中越,十日町市,まつだい芝峠温泉 雲海,温泉・入浴|日帰り入浴|宿泊もできる,新潟県十日町市蓬平11-1,025-597-3939,37.154247,138.608368,住所,十日町市,,https://www.tokamachishikankou.jp/spot/unkai/,
中越,十日町市,スノーバイク体験スクール（松之山温泉スキー場）,スキー・スノーボード|スノーアクティビティ|温泉・入浴|体験プログラム|冬季,新潟県十日町市松之山天水島909,025-596-3133,37.051701,138.604919,住所(概略),十日町市,,https://www.tokamachishikankou.jp/spot/snowbike/,
中越,十日町市,エアボード体験スクール（松之山温泉スキー場）,スキー・スノーボード|スノーアクティビティ|温泉・入浴|体験プログラム|冬季,新潟県十日町市松之山天水島909,025-596-3133,37.051701,138.604919,住所(概略),十日町市,,https://www.tokamachishikankou.jp/spot/airboard_experience/,
中越,十日町市,雪遊び・ホンヤラドウ体験,スノーアクティビティ|体験プログラム|冬季,新潟県十日町市ミオンなかさと　第二駐車場,025-761-7433,37.127499,138.755569,住所(概略),十日町市,,https://www.tokamachishikankou.jp/spot/honyaradou/,
中越,十日町市,瀬戸渓谷,自然観察,新潟県十日町市西田尻,025-757-3345,36.994171,138.724319,住所(概略),十日町市,,https://www.tokamachishikankou.jp/spot/setokeikoku/,
中越,十日町市,重地大池自然観察広場,キャンプ|宿泊もできる|夏季,新潟県十日町市重地丁3455,080-9415-1501,37.011738,138.707870,住所,十日町市,,https://www.tokamachishikankou.jp/spot/zyuuziooike/,
中越,十日町市,十日町棚田トレッキング 集落を巡る歴史コース,登山・トレッキング|体験プログラム|ガイドツアー|棚田|夏季,新潟県十日町市ほくほく線　まつだい駅,,37.127499,138.755569,住所(概略),十日町市,,https://www.tokamachishikankou.jp/spot/hoshitogetreck_history/,
中越,十日町市,棚田かんじきウォーク＆雪上ティータイム,スノーアクティビティ|体験プログラム|棚田|冬季,新潟県十日町市「まつだい駅」または「蒲生の棚田」,,37.127499,138.755569,住所(概略),十日町市,,https://www.tokamachishikankou.jp/spot/tanadawalk_snow/,
中越,十日町市,十日町小唄体験,きもの・和文化体験|体験プログラム,新潟県十日町市中里地域の宿泊施設など（こちらで会場を手配する場合は、会場費が別途必要となります）,025-761-7433,37.000679,138.707138,住所,十日町市,,https://www.tokamachishikankou.jp/spot/tokamachikouta_experience/,
中越,十日町市,二六公園ブナ林,公園|自然観察,新潟県十日町市中屋敷,025-757-3345,37.165592,138.731796,住所(概略),十日町市,,https://www.tokamachishikankou.jp/spot/nirokukouenbunabayashi/,
中越,十日町市,川西 句碑公園,公園|自然観察,新潟県十日町市霜条,025-768-2469,37.174419,138.741211,住所,十日町市,,https://www.tokamachishikankou.jp/spot/kuhikouen/,
中越,十日町市,越後松代棚田群 蒲生の棚田,棚田,新潟県十日町市蒲生,025-597-3442,37.132095,138.581528,住所(概略),十日町市,,https://www.tokamachishikankou.jp/spot/kamounotanada/,
中越,十日町市,宮中島温泉 ミオンなかさと,温泉・入浴|日帰り入浴|宿泊もできる,新潟県十日町市宮中己4197,025-763-4811,37.069275,138.690979,住所(概略),十日町市,,https://www.tokamachishikankou.jp/spot/mionnakasato/,
中越,十日町市,いろりとほたるの宿せとぐち,スノーアクティビティ|温泉・入浴|日帰り入浴|自然観察|宿泊もできる|冬季,新潟県十日町市西田尻辛168,025-763-2431,36.994171,138.724319,住所(概略),十日町市,,https://www.tokamachishikankou.jp/spot/setoguchi/,
中越,十日町市,白羽毛ドリームファーム,体験プログラム,新潟県十日町市白羽毛辰680-1,025-763-3738,37.019810,138.714340,住所,十日町市,,https://www.tokamachishikankou.jp/spot/shirahakedreamfarm/,
中越,十日町市,十日町棚田トレッキング 絶景・星峠の棚田コース,登山・トレッキング|体験プログラム|棚田|夏季,,,37.127499,138.755569,地名(概略),十日町市,,https://www.tokamachishikankou.jp/spot/hoshitoogenotanada_experience/,
中越,十日町市,てづくりさろん たんぽぽ,ものづくり体験|体験プログラム,新潟県十日町市本町六の一丁目71番地26 クロステン1F 和装工芸館内,025-757-9272,37.139030,138.760132,住所(概略),十日町市,,https://www.tokamachishikankou.jp/spot/tanpopo-2/,
中越,十日町市,きものレンタルショップ いつ和本町店,きもの・和文化体験|体験プログラム,新潟県十日町市神明町352-7,025-755-5586,37.132298,138.761688,住所,十日町市,,https://www.tokamachishikankou.jp/spot/itsuwahoncho/,
中越,十日町市,松之山温泉合同会社まんま,スノーアクティビティ|温泉・入浴|体験プログラム|冬季,新潟県十日町市松之山湯本49-1,025-596-2114,37.063736,138.587234,住所(概略),十日町市,,https://www.tokamachishikankou.jp/spot/manma/,
中越,十日町市,桂公園こどもランド,アスレチック|公園|夏季,新潟県十日町市中条丙441-2,090-2201-5354,37.155422,138.779480,住所,十日町市,,https://www.tokamachishikankou.jp/spot/katsura-kidspark/,
中越,十日町市,棚田アート【新潟県十日町市 松之山下布川】,棚田|アート,新潟県十日町市松之山赤倉,025-597-3442,37.102413,138.644455,住所,十日町市,,https://www.tokamachishikankou.jp/spot/91066/,
中越,十日町市,渋海リバーサイドゆのしま,温泉・入浴|日帰り入浴|宿泊もできる,新潟県十日町市浦田2963,025-596-3003,37.059322,138.554535,住所(概略),十日町市,,https://www.tokamachishikankou.jp/spot/yunoshima/,
中越,十日町市,清津峡湯元温泉 清津館,温泉・入浴|日帰り入浴|宿泊もできる,新潟県十日町市小出癸2126番地1,025-763-2181,36.953156,138.734940,住所(概略),十日町市,,https://www.tokamachishikankou.jp/spot/kiyotsukan/,
中越,十日町市,川西モトクロス場,夏季,新潟県十日町市中屋敷1115,090-2525-2891,37.165592,138.731796,住所(概略),十日町市,,https://www.tokamachishikankou.jp/spot/motokurosuzyou/,
中越,十日町市,岩瀬ほたるの里,自然観察,新潟県十日町市岩瀬癸85-41,,37.209545,138.697296,住所,十日町市,,https://www.tokamachishikankou.jp/spot/iwasehotarunosato/,
中越,十日町市,野鳥こけし作り体験,ものづくり体験|体験プログラム,新潟県十日町市松之山湯本9-1　松之山温泉のおみやげ屋　十一屋商店2階「喫茶 亜土梨絵」,025-597-3442,37.063736,138.587234,住所(概略),十日町市,,https://www.tokamachishikankou.jp/spot/yachou_kokeshi/,
中越,十日町市,湯治豚づくり,料理・そば打ち体験|体験プログラム,新潟県十日町市松之山湯本付近（ひなの宿ちとせ足湯隣の源泉）,025-596-2114,37.063736,138.587234,住所(概略),十日町市,,https://www.tokamachishikankou.jp/spot/toujipork_experience/,
中越,十日町市,雪の華を観に行こう！～美人林スノーシューと囲炉裏体験～,スノーアクティビティ|体験プログラム|冬季,新潟県十日町市松之山松口1712-2（「森の学校」キョロロ）,025-595-8588,37.100395,138.622406,住所(概略),十日町市,,https://www.tokamachishikankou.jp/spot/bijinbayashi_snowshoe_experience/,
中越,十日町市,心美人ハイキング,登山・トレッキング|体験プログラム|夏季,新潟県十日町市松之山松口1712-2（森の学校キョロロ）,025-595-8588,37.100395,138.622406,住所(概略),十日町市,,https://www.tokamachishikankou.jp/spot/kokorobijin_hiking/,
中越,十日町市,松之山温泉 太古の塩づくり体験【塩之屋PRESENTS】,温泉・入浴|体験プログラム,新潟県十日町市松之山７３２−１,080-9033-9969,37.082775,138.601120,住所(概略),十日町市,,https://www.tokamachishikankou.jp/spot/matsunoyama_salt/,
中越,十日町市,観光道路,ドライブ,新潟県十日町市野口 ~ 新潟県十日町市小白倉,025-757-3345,37.211872,138.751343,住所,十日町市,,https://www.tokamachishikankou.jp/spot/kankoudouro/,
中越,十日町市,七ツ釜公園,キャンプ|公園|夏季,新潟県十日町市田代,025-763-2511,36.975780,138.716797,住所(概略),十日町市,,https://www.tokamachishikankou.jp/spot/nanatsugamapark/,
中越,十日町市,「手描き友禅・手織り体験」吉彩館２号館,工場見学|ものづくり体験|きもの・和文化体験|体験プログラム,新潟県十日町市昭和町1,025-757-9529,37.130257,138.756348,住所,十日町市,,https://www.tokamachishikankou.jp/spot/tegakiyuuzen_experience/,
中越,十日町市,千手温泉 千年の湯,温泉・入浴|日帰り入浴,新潟県十日町市水口沢121-7,025-768-2988,37.162678,138.736267,住所(概略),十日町市,,https://www.tokamachishikankou.jp/spot/sennennoyu/,
中越,十日町市,【心も体もぽっかぽか】 ポポラかまくら体験（あてま森と水辺の教室ポポラ）,スノーアクティビティ|体験プログラム|冬季,新潟県十日町市ミオンなかさと　第二駐車場,025-761-7433,37.127499,138.755569,住所(概略),十日町市,,https://www.tokamachishikankou.jp/spot/kamakura_experience/,
中越,十日町市,【スノーシューで雪原散策】雪の森スノーシューツアー（あてま森と水辺の教室ポポラ）,スノーアクティビティ|ものづくり体験|体験プログラム|ガイドツアー|冬季,新潟県十日町市珠川 当間高原リゾート内（森のホール）,025-758-4811,37.127499,138.755569,住所(概略),十日町市,,https://www.tokamachishikankou.jp/spot/popora_snowshoeing/,
中越,十日町市,【はじめての雪遊び体験】 ゆきぐにたんけんたい（あてま 森と水辺の教室 ポポラ）,スノーアクティビティ|体験プログラム|冬季,新潟県十日町市珠川 当間高原リゾート内（森のホール）,025-758-4811,37.127499,138.755569,住所(概略),十日町市,,https://www.tokamachishikankou.jp/spot/popora_yukigunitanken/,
中越,十日町市,雪上キャンプ（▲越後妻有松之山温泉スノーパーク）,スノーアクティビティ|キャンプ|温泉・入浴|体験プログラム|冬季,新潟県十日町市松之山天水島909,025-596-3133,37.051701,138.604919,住所(概略),十日町市,,https://www.tokamachishikankou.jp/spot/snowcamp/,
中越,十日町市,松代城山アート散策（まつだい「農舞台」フィールドミュージアム）,登山・トレッキング|体験プログラム|アート|夏季,新潟県十日町市松代,025-761-7767,37.133778,138.607941,住所(概略),十日町市,,https://www.tokamachishikankou.jp/spot/matsudai_artwalk/,
中越,十日町市,妻有エアーボードツアー,スノーアクティビティ|体験プログラム|ガイドツアー|冬季,新潟県十日町市宮中己4197（ 集合場所　ミオンなかさとロビー）,070-2836-8559,37.069275,138.690979,住所(概略),十日町市,,https://www.tokamachishikankou.jp/spot/airboat_tour/,
中越,十日町市,伝統わら細工 ぞうり/布ぞうり作り体験,ものづくり体験|体験プログラム,,,37.127499,138.755569,地名(概略),十日町市,,https://www.tokamachishikankou.jp/spot/zouri_experience/,
中越,十日町市,asto -Art Scape of Tokamachi-,ワークスペース,新潟県十日町市袋町西91-1　瀧長商店第一倉庫2階,025-752-3581,37.130512,138.757950,住所,十日町市,,https://www.tokamachishikankou.jp/spot/asto-art-scape-of-tokamachi/,
中越,十日町市,外ノ沢砂防ダム,自然観察,新潟県十日町市田代,025-757-3345,36.975780,138.716797,住所(概略),十日町市,,https://www.tokamachishikankou.jp/spot/sotonosawasaboudamu/,
中越,十日町市,【十日町】信濃川ラフティングツアー（アストラル・オレンジ）,ラフティング・川遊び|体験プログラム|ガイドツアー|夏季,新潟県十日町市宮中己4197,025-763-4811,37.069275,138.690979,住所(概略),十日町市,,https://www.tokamachishikankou.jp/spot/shinanogawa_rafting/,
中越,十日町市,七輪陶芸,キャンプ|ものづくり体験|体験プログラム|夏季,新潟県十日町市清田山己1742（清田山キャンプ場）,025-761-7433,36.991756,138.712814,住所(概略),十日町市,,https://www.tokamachishikankou.jp/spot/shichirin_ceramics/,
中越,十日町市,JR宮中取水ダムの魚道,体験プログラム,新潟県十日町市宮中,0258-82-2702,37.069275,138.690979,住所(概略),十日町市,,https://www.tokamachishikankou.jp/spot/miyanakasyusuidamu/,
中越,十日町市,神明水辺公園,公園|夏季,新潟県十日町市下条四丁目1276番地,,37.200993,138.779205,住所,十日町市,,https://www.tokamachishikankou.jp/spot/shinmeimizube_park/,
中越,十日町市,越後松代棚田群 儀明の棚田,棚田,新潟県十日町市儀明,025-597-3442,37.140701,138.556305,住所,十日町市,,https://www.tokamachishikankou.jp/spot/gimyounotanada/,
中越,十日町市,魚沼山菜農園,体験プログラム|農業・収穫体験,新潟県十日町市六箇山谷,090-8433-0007,37.127499,138.755569,住所(概略),十日町市,,https://www.tokamachishikankou.jp/spot/uonumasansainouen/,
中越,十日町市,除雪車体験,スノーアクティビティ|体験プログラム|冬季,,025-761-7433,37.127499,138.755569,地名(概略),十日町市,,https://www.tokamachishikankou.jp/spot/josetsusya_experience/,
中越,十日町市,十日町のフォーチュンドール ” ちんころ” 作り体験,ものづくり体験|体験プログラム,新潟県十日町市馬場丁1253−2,,37.095661,138.729767,住所(概略),十日町市,,https://www.tokamachishikankou.jp/spot/chinkoro_experience/,
中越,十日町市,新潟の伝統食 「笹団子」作り体験,料理・そば打ち体験|体験プログラム,新潟県十日町市馬場丁1253−2　みんなの家,,37.095661,138.729767,住所(概略),十日町市,,https://www.tokamachishikankou.jp/spot/sasadango_experience/,
中越,十日町市,三ツ山の棚田,棚田,新潟県十日町市新座乙（飛渡地区）,,37.132614,138.824371,住所,十日町市,,https://www.tokamachishikankou.jp/spot/mitsuyamanotanada/,
中越,十日町市,湯守処 地炉,温泉・入浴|料理・そば打ち体験|体験プログラム,新潟県十日町市松之山湯本付近（湯守処「地炉」）,,37.063736,138.587234,住所(概略),十日町市,,https://www.tokamachishikankou.jp/spot/jiro/,
中越,十日町市,松之山温泉  和泉屋,温泉・入浴|宿泊もできる,新潟県十日町市松之山湯本7-1,025-596-2001,37.063736,138.587234,住所(概略),十日町市,,https://www.tokamachishikankou.jp/spot/izumiya/,
中越,十日町市,着物の街で機織体験 手織りでオリジナル小物づくり,ものづくり体験|体験プログラム,新潟県十日町市稲荷町2丁目70-23（髙三商店）,,37.138054,138.759125,住所,十日町市,,https://www.tokamachishikankou.jp/spot/takasan_orimono/,
中越,十日町市,究極の雪遊び！豪雪WARS【研修旅行プラン】,スノーアクティビティ|体験プログラム|冬季,新潟県十日町市新潟県十日町市並びに魚沼地区管内,,37.082378,138.707321,住所,十日町市,,https://www.tokamachishikankou.jp/spot/gousetsuwars/,
中越,十日町市,からむしストール草木染め体験,ものづくり体験|きもの・和文化体験|体験プログラム,新潟県十日町市伊達甲236,025-750-2857,37.101681,138.737503,住所,十日町市,,https://www.tokamachishikankou.jp/spot/karamushinunozi_experience/,
中越,十日町市,心の宿 やすらぎ,温泉・入浴|宿泊もできる,新潟県十日町市二ツ屋（戊332-1）,025-757-1547,37.127499,138.755569,住所(概略),十日町市,,https://www.tokamachishikankou.jp/spot/yasuragi/,
中越,十日町市,ナカゴグリーンパーク,ゴルフ|夏季,新潟県十日町市上野甲2924-28,025-768-4419,37.185257,138.731445,住所(概略),十日町市,,https://www.tokamachishikankou.jp/spot/nakagogreenpark/,
中越,十日町市,友禅染めを気軽に体験【株式会社 翠山】,工場見学|ものづくり体験|きもの・和文化体験|体験プログラム,新潟県十日町市高山3丁目377番地3（国道253号線沿い）,025-755-5515,37.131344,138.745590,住所,十日町市,,https://www.tokamachishikankou.jp/spot/suizan/,
中越,十日町市,菅沼求道トレッキングコース,登山・トレッキング|夏季,,,37.146454,138.630554,地名(概略),十日町市,,https://www.tokamachishikankou.jp/spot/suganumatrekking/,
中越,十日町市,ひなの宿 ちとせ,温泉・入浴|日帰り入浴|宿泊もできる,新潟県十日町市松之山湯本49-1,025-596-2525,37.063736,138.587234,住所(概略),十日町市,,https://www.tokamachishikankou.jp/spot/chitose/,
中越,十日町市,山の森のホテル ふくずみ,温泉・入浴|宿泊もできる,新潟県十日町市松之山湯本1388-2,025-596-2323,37.063736,138.587234,住所(概略),十日町市,,https://www.tokamachishikankou.jp/spot/fukuzumi/,
中越,十日町市,工場見学・友禅体験（染色工房青柳）,工場見学|ものづくり体験|きもの・和文化体験|体験プログラム,新潟県十日町市（本社） 新潟県十日町市栄町26-6 （明石工場）新潟県十日町市明石町18,025-757-2171,37.127499,138.755569,住所(概略),十日町市,,https://www.tokamachishikankou.jp/spot/aoyagi/,
中越,十日町市,地酒の宿 旅館明星,温泉・入浴|日帰り入浴|宿泊もできる,新潟県十日町市松之山天水越88-2,025-596-2544,37.042458,138.578583,住所(概略),十日町市,,https://www.tokamachishikankou.jp/spot/myoujo/,
中越,十日町市,ドッグラン「わんパーク」,夏季,新潟県十日町市上野甲2924-28,025-768-4419,37.185257,138.731445,住所(概略),十日町市,,https://www.tokamachishikankou.jp/spot/dogrun_wanpark/,
中越,十日町市,健康増進施設「ひだまりプール」,プール|夏季,新潟県十日町市水口沢206-1,025-768-4880,37.162678,138.736267,住所(概略),十日町市,,https://www.tokamachishikankou.jp/spot/hidamaripool/,
中越,十日町市,笠置キャンプ場,キャンプ|夏季,新潟県十日町市中条枯木又,025-759-2216,37.164761,138.786179,住所,十日町市,,https://www.tokamachishikankou.jp/spot/kasagicampground/,
中越,十日町市,スノーカントリートレイル,登山・トレッキング|夏季,,025-785-5222,37.127499,138.755569,地名(概略),十日町市,,https://www.tokamachishikankou.jp/spot/snowcountrytrail/,
中越,十日町市,信越トレイル,登山・トレッキング|夏季,,0269-69-2888,37.127499,138.755569,地名(概略),十日町市,,https://www.tokamachishikankou.jp/spot/shinetsutrail/,
中越,十日町市,大厳寺高原 遊歩道,登山・トレッキング|夏季,新潟県十日町市松之山天水越,,37.042458,138.578583,住所(概略),十日町市,,https://www.tokamachishikankou.jp/spot/daigonji_promenade/,
中越,十日町市,十日町カントリークラブ,ゴルフ|夏季,新潟県十日町市伊達字反り掛甲2652-1,025-752-3518,37.085354,138.749893,住所,十日町市,,https://www.tokamachishikankou.jp/spot/tokamachi_countryclab/,
中越,十日町市,里山の生き物探検,体験プログラム|夏季,新潟県十日町市松之山松口1712-2,025-595-8311,37.100395,138.622406,住所(概略),十日町市,,https://www.tokamachishikankou.jp/spot/satoyamatanken/,
中越,十日町市,日本一の大河 信濃川,自然観察,,025-757-3345,37.127499,138.755569,地名(概略),十日町市,,https://www.tokamachishikankou.jp/spot/shinanogawa/,
中越,十日町市,大白倉の棚田,棚田,新潟県十日町市大白倉,025-750-1277,37.222134,138.702026,住所,十日町市,,https://www.tokamachishikankou.jp/spot/ooshirakuranotanada/,
中越,十日町市,大松山,登山・トレッキング,新潟県十日町市松之山兎口~湯本(湯峠),025-597-3442,37.082775,138.601120,住所(概略),十日町市,,https://www.tokamachishikankou.jp/spot/taisyouzan/,
中越,十日町市,天水越のブナ林,自然観察,新潟県十日町市松之山天水島,025-597-3442,37.051701,138.604919,住所(概略),十日町市,,https://www.tokamachishikankou.jp/spot/amamizukoshinobunabayashi/,
中越,十日町市,留守原の棚田,棚田,新潟県十日町市松之山天水島,025-597-3442,37.051701,138.604919,住所(概略),十日町市,,https://www.tokamachishikankou.jp/spot/rusubaranotanada/,
中越,十日町市,湯山の棚田,棚田,新潟県十日町市松之山湯山,025-597-3442,37.076500,138.609055,住所,十日町市,,https://www.tokamachishikankou.jp/spot/yuyamanotanada/,
中越,十日町市,狐塚の棚田,棚田,新潟県十日町市松之山天水越,025-597-3442,37.042458,138.578583,住所(概略),十日町市,,https://www.tokamachishikankou.jp/spot/kitsunezukanotanada/,
中越,十日町市,天水島の棚田,棚田,新潟県十日町市松之山天水島,025-597-3442,37.051701,138.604919,住所(概略),十日町市,,https://www.tokamachishikankou.jp/spot/amamizushimanotanada/,
中越,十日町市,越後松代棚田群 菅刈の棚田,棚田,新潟県十日町市菅刈,025-597-3442,37.146454,138.630554,住所(概略),十日町市,,https://www.tokamachishikankou.jp/spot/sugakarinotanada/,
中越,十日町市,越後松代棚田群 清水の棚田,自然観察|棚田,新潟県十日町市清水 県道 219 号線,025-597-3442,37.167759,138.632156,住所,十日町市,,https://www.tokamachishikankou.jp/spot/shimizunotanada/,
中越,十日町市,バックカントリーバイク体験ツアー（▲越後妻有大厳寺高原キャンプ場）,登山・トレッキング|サイクリング|キャンプ|体験プログラム|ガイドツアー|夏季,新潟県十日町市松之山天水越3140,025-596-2994,37.042458,138.578583,住所(概略),十日町市,,https://www.tokamachishikankou.jp/spot/backcountrybike/,
中越,十日町市,カヌー＆スタンドアップパドルサーフィン体験（▲越後妻有大厳寺高原キャンプ場）,マリンスポーツ|カヌー・カヤック|キャンプ|体験プログラム|夏季,新潟県十日町市松之山天水越3140,025-596-2994,37.042458,138.578583,住所(概略),十日町市,,https://www.tokamachishikankou.jp/spot/canoe_sup_experience/,
中越,十日町市,スタンドアップパドルサーフィン／ＳＵＰ体験（▲越後妻有大厳寺高原キャンプ場）,マリンスポーツ|キャンプ|体験プログラム|夏季,新潟県十日町市松之山天水島909,025-596-2994,37.051701,138.604919,住所(概略),十日町市,,https://www.tokamachishikankou.jp/spot/sup/,
中越,十日町市,レンタサイクル（ミオンなかさと）,サイクリング|夏季,,025-763-4811,37.127499,138.755569,地名(概略),十日町市,,https://www.tokamachishikankou.jp/spot/rentalbicycle/,
中越,十日町市,キャンプファイヤー（清田山キャンプ場）,キャンプ|夏季,新潟県十日町市清田山キャンプ場（十日町市清田山己1742）,,36.991756,138.712814,住所(概略),十日町市,,https://www.tokamachishikankou.jp/spot/campfire/,
中越,十日町市,古道 松之山街道（上杉軍道 ）,登山・トレッキング|体験プログラム|夏季,,025-597-3442,37.127499,138.755569,地名(概略),十日町市,,https://www.tokamachishikankou.jp/spot/uesugi_gundo/,
中越,十日町市,柳清水,自然観察,新潟県十日町市松之山1222,025-597-3442,37.082775,138.601120,住所(概略),十日町市,,https://www.tokamachishikankou.jp/spot/yanagiishimizu/,
中越,十日町市,実昇清水,自然観察,新潟県十日町市室野,025-597-3442,37.115177,138.560883,住所,十日町市,,https://www.tokamachishikankou.jp/spot/zissyoushimizu/,
中越,十日町市,庚清水,自然観察,新潟県十日町市松之山松口,025-597-3442,37.100395,138.622406,住所(概略),十日町市,,https://www.tokamachishikankou.jp/spot/koshimizu/,
中越,十日町市,中手の松苧清水,自然観察,新潟県十日町市真田 中手集落内,,37.117916,138.687683,住所,十日町市,,https://www.tokamachishikankou.jp/spot/matsuoshimizu/,
中越,十日町市,慶地の棚田,棚田,新潟県十日町市中条己,025-757-3345,37.169765,138.807846,住所,十日町市,,https://www.tokamachishikankou.jp/spot/keizinotanada/,
中越,十日町市,小松原湿原,登山・トレッキング,,025-757-3345,36.909958,138.694901,地名(概略),十日町市,,https://www.tokamachishikankou.jp/spot/komatsubarashitsugen/,
上越,妙高市,妙高戸隠連山 癒しの森スノーシューツアー,スノーアクティビティ|登山・トレッキング|体験プログラム|ガイドツアー|冬季,,,37.025269,138.253342,地名(概略),妙高市,,https://myokotourism.jp/taiken/%e5%a6%99%e9%ab%98%e6%88%b8%e9%9a%a0%e9%80%a3%e5%b1%b1%e3%80%80%e7%99%92%e3%81%97%e3%81%ae%e6%a3%ae%e3%82%b9%e3%83%8e%e3%83%bc%e3%82%b7%e3%83%a5%e3%83%bc%e3%83%84%e3%82%a2%e3%83%bc/,
上越,妙高市,HOTEL SOBOKU 日帰りﾌﾟﾗｲﾍﾞｰﾄｻｳﾅ,体験プログラム,,0255-77-4556,37.025269,138.253342,地名(概略),妙高市,,https://myokotourism.jp/taiken/hotel-soboku-%e6%97%a5%e5%b8%b0%e3%82%8a%e3%83%97%e3%83%a9%e3%82%a4%e3%83%99%e3%83%bc%e3%83%88%e3%82%b5%e3%82%a6%e3%83%8a/,
上越,妙高市,Private E-bike ツアー,サイクリング|体験プログラム|ガイドツアー,,0255-86-3911,37.025269,138.253342,地名(概略),妙高市,,https://myokotourism.jp/taiken/private-e-bike-%e3%83%84%e3%82%a2%e3%83%bc/,
上越,妙高市,アパリゾート上越妙高 バレルサウナ,温泉・入浴|サウナ|体験プログラム,新潟県妙高市桶海1090,0255-82-4111,36.903172,138.250580,住所,妙高市,,https://myokotourism.jp/taiken/%e3%82%a2%e3%83%91%e3%83%aa%e3%82%be%e3%83%bc%e3%83%88%e4%b8%8a%e8%b6%8a%e5%a6%99%e9%ab%98%e3%80%80%e3%83%90%e3%83%ac%e3%83%ab%e3%82%b5%e3%82%a6%e3%83%8a/,
上越,妙高市,アパリゾート上越妙高 インフィニティプール,プール|体験プログラム,,0255-82-4111,37.025269,138.253342,地名(概略),妙高市,,https://myokotourism.jp/taiken/%e3%82%a2%e3%83%91%e3%83%aa%e3%82%be%e3%83%bc%e3%83%88%e4%b8%8a%e8%b6%8a%e5%a6%99%e9%ab%98%e3%80%80%e3%82%a4%e3%83%b3%e3%83%95%e3%82%a3%e3%83%8b%e3%83%86%e3%82%a3%e3%83%97%e3%83%bc%e3%83%ab/,
上越,妙高市,スノーラフティング,スノーアクティビティ|ラフティング・川遊び|体験プログラム|冬季,,0255-75-1100,37.025269,138.253342,地名(概略),妙高市,,https://myokotourism.jp/taiken/%e3%82%b9%e3%83%8e%e3%83%bc%e3%83%a9%e3%83%95%e3%83%86%e3%82%a3%e3%83%b3%e3%82%b0/,
上越,妙高市,キッズにも大人にもおすすめ！妙高自然学校各種プログラムのご案内,体験プログラム|ガイドツアー,新潟県妙高市桶海３９２,,36.891453,138.247818,住所,妙高市,,https://myokotourism.jp/taiken/%e3%82%ad%e3%83%83%e3%82%ba%e3%81%ab%e3%82%82%e3%81%8a%e3%81%99%e3%81%99%e3%82%81%ef%bc%81%e5%a6%99%e9%ab%98%e8%87%aa%e7%84%b6%e5%ad%a6%e6%a0%a1%e5%90%84%e7%a8%ae%e3%83%97%e3%83%ad%e3%82%b0%e3%83%a9/,
上越,妙高市,妙高の大自然をマルっと１日満喫！アドベンチャーパス☆,体験プログラム,,0255-75-1177,37.025269,138.253342,地名(概略),妙高市,,https://myokotourism.jp/taiken/%e5%a6%99%e9%ab%98%e3%81%ae%e5%a4%a7%e8%87%aa%e7%84%b6%e3%82%92%e3%83%9e%e3%83%ab%e3%81%a3%e3%81%a8%ef%bc%91%e6%97%a5%e6%ba%80%e5%96%ab%ef%bc%81%e3%82%a2%e3%83%89%e3%83%99%e3%83%b3%e3%83%81%e3%83%a3/,
上越,妙高市,ALPEN BLICK Outdoor Base（アルペンブリックアウトドアベース）,体験プログラム,新潟県妙高市池の平温泉2452ホテルアルペンブリック内,0255-86-3180,37.025269,138.253342,住所(概略),妙高市,,https://myokotourism.jp/taiken/alpen-blick-outdoor-base%ef%bc%88%e3%82%a2%e3%83%ab%e3%83%9a%e3%83%b3%e3%83%96%e3%83%aa%e3%83%83%e3%82%af%e3%82%a2%e3%82%a6%e3%83%88%e3%83%89%e3%82%a2%e3%83%99%e3%83%bc%e3%82%b9%ef%bc%89/,
上越,妙高市,ネイチャーガイド,体験プログラム|ガイドツアー,,0255-86-3911,37.025269,138.253342,地名(概略),妙高市,,https://myokotourism.jp/taiken/%e3%83%8d%e3%82%a4%e3%83%81%e3%83%a3%e3%83%bc%e3%82%ac%e3%82%a4%e3%83%89/,
上越,妙高市,登山（火打山・妙高山）,登山・トレッキング|体験プログラム,,0255-86-3911,37.025269,138.253342,地名(概略),妙高市,,https://myokotourism.jp/taiken/%e7%99%bb%e5%b1%b1%ef%bc%88%e7%81%ab%e6%89%93%e5%b1%b1%e3%83%bb%e5%a6%99%e9%ab%98%e5%b1%b1%ef%bc%89/,
上越,妙高市,郷土料理-笹ずし体験,体験プログラム,,0255-86-3911,37.025269,138.253342,地名(概略),妙高市,,https://myokotourism.jp/taiken/%e9%83%b7%e5%9c%9f%e6%96%99%e7%90%86-%e7%ac%b9%e3%81%9a%e3%81%97%e4%bd%93%e9%a8%93/,
上越,妙高市,妙高池の平 MTBパーク,サイクリング|体験プログラム,,0255-86-2370,37.025269,138.253342,地名(概略),妙高市,,https://myokotourism.jp/taiken/%e5%a6%99%e9%ab%98%e6%b1%a0%e3%81%ae%e5%b9%b3-mtb%e3%83%91%e3%83%bc%e3%82%af/,
上越,妙高市,池の平スポーツ広場「クロスカントリースキーコース」,スキー・スノーボード|スポーツ施設|冬季,新潟県妙高市大字関川2428-2,0255-86-5500,36.965935,138.283630,住所(概略),妙高市,,https://myokotourism.jp/tourist-spots/%e6%b1%a0%e3%81%ae%e5%b9%b3%e3%82%b9%e3%83%9d%e3%83%bc%e3%83%84%e5%ba%83%e5%a0%b4%e3%80%8c%e3%82%af%e3%83%ad%e3%82%b9%e3%82%ab%e3%83%b3%e3%83%88%e3%83%aa%e3%83%bc%e3%82%b9%e3%82%ad%e3%83%bc%e3%82%b3/,
上越,妙高市,東赤倉テニスコート,スポーツ施設,新潟県妙高市大字田口1450,0255-87-2989,36.965935,138.283630,住所(概略),妙高市,,https://myokotourism.jp/tourist-spots/%e6%9d%b1%e8%b5%a4%e5%80%89%e3%83%86%e3%83%8b%e3%82%b9%e3%82%b3%e3%83%bc%e3%83%88/,
上越,妙高市,ほっとアリーナ妙高高原（体育館・温泉プール）,スポーツ施設|プール|温泉・入浴,新潟県妙高市関川958,0255-86-4466,36.865856,138.190018,住所,妙高市,,https://myokotourism.jp/tourist-spots/%e3%81%bb%e3%81%a3%e3%81%a8%e3%82%a2%e3%83%aa%e3%83%bc%e3%83%8a%e5%a6%99%e9%ab%98%e9%ab%98%e5%8e%9f%ef%bc%88%e4%bd%93%e8%82%b2%e9%a4%a8%e3%83%bb%e6%b8%a9%e6%b3%89%e3%83%97%e3%83%bc%e3%83%ab%ef%bc%89/,
上越,妙高市,赤倉シャンツェ オールシーズンジャンプ台,スキー・スノーボード|冬季,,0255-86-5500,36.892586,138.178528,地名(概略),妙高市,,https://myokotourism.jp/tourist-spots/%e8%b5%a4%e5%80%89%e3%82%b7%e3%83%a3%e3%83%b3%e3%83%84%e3%82%a7%e3%80%80%e3%82%aa%e3%83%bc%e3%83%ab%e3%82%b7%e3%83%bc%e3%82%ba%e3%83%b3%e3%82%b8%e3%83%a3%e3%83%b3%e3%83%97%e5%8f%b0/,
上越,妙高市,アルペンブリックスパ日帰り温泉,温泉・入浴|日帰り入浴,新潟県妙高市池の平2413-11,0255-86-5130,37.025269,138.253342,住所(概略),妙高市,,https://myokotourism.jp/tourist-spots/%e3%82%a2%e3%83%ab%e3%83%9a%e3%83%b3%e3%83%96%e3%83%aa%e3%83%83%e3%82%af%e3%82%b9%e3%83%91%e6%97%a5%e5%b8%b0%e3%82%8a%e6%b8%a9%e6%b3%89/,
上越,妙高市,ロッテアライリゾート星空温泉,温泉・入浴|日帰り入浴,新潟県妙高市両善寺1966,0255-75-1114,36.989899,138.182144,住所(概略),妙高市,,https://myokotourism.jp/tourist-spots/%e3%83%ad%e3%83%83%e3%83%86%e3%82%a2%e3%83%a9%e3%82%a4%e3%83%aa%e3%82%be%e3%83%bc%e3%83%88%e6%98%9f%e7%a9%ba%e6%b8%a9%e6%b3%89/,
上越,妙高市,赤倉温泉 足湯公園,公園|温泉・入浴|日帰り入浴,,0255-87-2165,36.892586,138.178528,地名(概略),妙高市,,https://myokotourism.jp/tourist-spots/%e8%b5%a4%e5%80%89%e6%b8%a9%e6%b3%89-%e8%b6%b3%e6%b9%af%e5%85%ac%e5%9c%92/,
上越,妙高市,大野天風呂 滝の湯,温泉・入浴|自然観察,新潟県妙高市赤倉585-1,0255-87-2165,36.891521,138.178253,住所,妙高市,,https://myokotourism.jp/tourist-spots/%e5%a4%a7%e9%87%8e%e5%a4%a9%e9%a2%a8%e5%91%82%e3%80%80%e6%bb%9d%e3%81%ae%e6%b9%af/,
上越,妙高市,河原の湯,温泉・入浴,,0255-86-3911,37.025269,138.253342,地名(概略),妙高市,,https://myokotourism.jp/tourist-spots/%e6%b2%b3%e5%8e%9f%e3%81%ae%e6%b9%af/,
上越,妙高市,燕温泉,温泉・入浴,,0255-86-3911,37.025269,138.253342,地名(概略),妙高市,,https://myokotourism.jp/tourist-spots/%e7%87%95%e6%b8%a9%e6%b3%89/,
上越,妙高市,笹ヶ峰牧場,乗馬・牧場,,,37.025269,138.253342,地名(概略),妙高市,,https://myokotourism.jp/tourist-spots/%e7%ac%b9%e3%83%b6%e5%b3%b0%e7%89%a7%e5%a0%b4/,
上越,妙高市,万内川砂防公園,公園,,,37.025269,138.253342,地名(概略),妙高市,,https://myokotourism.jp/tourist-spots/%e4%b8%87%e5%86%85%e5%b7%9d%e7%a0%82%e9%98%b2%e5%85%ac%e5%9c%92/,
上越,妙高市,高床山森林公園,公園,新潟県妙高市大字姫川原2478,0255-75-3455,36.965935,138.283630,住所(概略),妙高市,,https://myokotourism.jp/tourist-spots/%e9%ab%98%e5%ba%8a%e5%b1%b1%e6%a3%ae%e6%9e%97%e5%85%ac%e5%9c%92/,
上越,妙高市,ロッテアライリゾート 観光ゴンドラ,遊覧・乗り物,新潟県妙高市両善寺1966,0255-75-1177,36.989899,138.182144,住所(概略),妙高市,,https://myokotourism.jp/tourist-spots/%e3%83%ad%e3%83%83%e3%83%86%e3%82%a2%e3%83%a9%e3%82%a4%e3%83%aa%e3%82%be%e3%83%bc%e3%83%88%e3%80%80%e8%a6%b3%e5%85%89%e3%82%b4%e3%83%b3%e3%83%89%e3%83%a9/,
上越,妙高市,笹ヶ峰キャンプ場,キャンプ,,0255-82-3168,37.025269,138.253342,地名(概略),妙高市,,https://myokotourism.jp/tourist-spots/%e7%ac%b9%e3%83%b6%e5%b3%b0%e3%82%ad%e3%83%a3%e3%83%b3%e3%83%97%e5%a0%b4/,
中越,湯沢町,かぐらスキー場みつまたステーション,スキー・スノーボード|冬季,,025-788-9221,36.869505,138.742637,施設,湯沢町,,,relation/12821614
中越,湯沢町,神立スノーリゾート,スキー・スノーボード|冬季,,025-788-0111,36.923889,138.813477,地名(概略),湯沢町,,,
中越,湯沢町,NASPAスキーガーデン,スキー・スノーボード|冬季,,025-780-6888,36.933987,138.817474,地名(概略),湯沢町,,,
中越,湯沢町,一本杉スノーパーク,スキー・スノーボード|冬季,,025-784-4440,36.933987,138.817474,地名(概略),湯沢町,,,
中越,湯沢町,GALA湯沢スキー場,スキー・スノーボード|冬季,,025-785-5505,36.933987,138.817474,地名(概略),湯沢町,,,
上越,糸魚川市,糸魚川温泉 ホテル國富アネックス,温泉・入浴,新潟県糸魚川市大野298-1,025-550-1000,37.020905,137.857712,住所(概略),糸魚川市,,,
上越,糸魚川市,フォッサマグナ糸魚川温泉 ひすいの湯,温泉・入浴|日帰り入浴,新潟県糸魚川市大野298-1,025-553-2222,37.020905,137.857712,住所(概略),糸魚川市,,,
上越,糸魚川市,塩の道温泉 ホワイトクリフ,温泉・入浴,新潟県糸魚川市山口151-1,025-558-2316,36.937325,137.899567,住所,糸魚川市,,,
上越,糸魚川市,雨飾温泉 雨飾山荘,温泉・入浴,新潟県糸魚川市梶山1870,090-9016-3212,36.923203,137.948898,住所,糸魚川市,,,
上越,糸魚川市,姫川温泉 ホテル國富翠泉閣,温泉・入浴,新潟県糸魚川市大所885-1,025-557-2000,36.834145,137.789276,住所(概略),糸魚川市,,,
上越,糸魚川市,蓮華温泉 白馬岳蓮華ロッジ,温泉・入浴,新潟県糸魚川市大所991,090-2524-7237,36.834145,137.789276,住所(概略),糸魚川市,,,
上越,糸魚川市,笹倉温泉 龍雲荘,温泉・入浴,新潟県糸魚川市大平5804,025-559-2211,36.962288,138.014343,住所,糸魚川市,,,
上越,糸魚川市,長者温泉 ゆとり館,温泉・入浴,新潟県糸魚川市木浦18778,025-566-3485,37.068691,137.974701,住所,糸魚川市,,,
上越,糸魚川市,島道鉱泉,温泉・入浴,新潟県糸魚川市島道3541-47,025-566-2717,37.050663,138.019180,住所,糸魚川市,,,
上越,糸魚川市,柵口温泉 対岳荘,温泉・入浴,新潟県糸魚川市柵口1097-1,025-568-2720,37.034889,138.048569,住所(概略),糸魚川市,,,
上越,糸魚川市,柵口温泉 山城屋,温泉・入浴,新潟県糸魚川市柵口1057-2,025-568-2121,37.034889,138.048569,住所(概略),糸魚川市,,,
中越,南魚沼市,浦佐温泉,温泉地|温泉・入浴,新潟県南魚沼市下一日市855（道の駅南魚沼）,025-783-3377,37.003124,138.818863,住所(概略),南魚沼市,,https://m-uonuma.jp/spa/urasa2/,
中越,南魚沼市,たもん荘,温泉・入浴,新潟県南魚沼市下一日市855（道の駅南魚沼）,025-783-3377,37.003124,138.818863,住所(概略),南魚沼市,,https://m-uonuma.jp/spa/urasa2/%e3%81%9f%e3%82%82%e3%82%93%e8%8d%98/,
中越,南魚沼市,上の原高原温泉 ロッヂ マロン,温泉地|温泉・入浴,新潟県南魚沼市下一日市855（道の駅南魚沼）,025-783-3377,37.003124,138.818863,住所(概略),南魚沼市,,https://m-uonuma.jp/spa/uenohara/%e4%b8%8a%e3%81%ae%e5%8e%9f%e9%ab%98%e5%8e%9f%e6%b8%a9%e6%b3%89%e3%80%80%e3%83%ad%e3%83%83%e3%83%82-%e3%83%9e%e3%83%ad%e3%83%b3/,
中越,南魚沼市,樺野沢温泉,温泉地|温泉・入浴,新潟県南魚沼市下一日市855（道の駅南魚沼）,025-783-3377,37.003124,138.818863,住所(概略),南魚沼市,,https://m-uonuma.jp/spa/kabanosawa/,
中越,南魚沼市,舞子温泉,温泉地|温泉・入浴,新潟県南魚沼市下一日市855（道の駅南魚沼）,025-783-3377,37.003124,138.818863,住所(概略),南魚沼市,,https://m-uonuma.jp/spa/maiko/,
中越,南魚沼市,島新田温泉,温泉地|温泉・入浴,新潟県南魚沼市下一日市855（道の駅南魚沼）,025-783-3377,37.003124,138.818863,住所(概略),南魚沼市,,https://m-uonuma.jp/spa/shimashinden/,
中越,南魚沼市,大沢山温泉,温泉地|温泉・入浴,新潟県南魚沼市下一日市855（道の駅南魚沼）,025-783-3377,37.003124,138.818863,住所(概略),南魚沼市,,https://m-uonuma.jp/spa/oosawa/,
中越,南魚沼市,六日町温泉,温泉地|温泉・入浴,新潟県南魚沼市下一日市855（道の駅南魚沼）,025-783-3377,37.003124,138.818863,住所(概略),南魚沼市,,https://m-uonuma.jp/spa/muikamachi/,
中越,南魚沼市,上野鉱泉,温泉地|温泉・入浴,新潟県南魚沼市下一日市855（道の駅南魚沼）,025-783-3377,37.003124,138.818863,住所(概略),南魚沼市,,https://m-uonuma.jp/spa/ueno/,
中越,南魚沼市,丸山温泉,温泉地|温泉・入浴,新潟県南魚沼市下一日市855（道の駅南魚沼）,025-783-3377,37.003124,138.818863,住所(概略),南魚沼市,,https://m-uonuma.jp/spa/maruyama/,
中越,南魚沼市,ハツカ石温泉,温泉地|温泉・入浴,新潟県南魚沼市下一日市855（道の駅南魚沼）,025-783-3377,37.003124,138.818863,住所(概略),南魚沼市,,https://m-uonuma.jp/spa/hatsuka/,
中越,南魚沼市,畔地温泉,温泉地|温泉・入浴,新潟県南魚沼市下一日市855（道の駅南魚沼）,025-783-3377,37.003124,138.818863,住所(概略),南魚沼市,,https://m-uonuma.jp/spa/azechi/,
中越,南魚沼市,足湯,温泉・入浴|日帰り入浴,新潟県南魚沼市下一日市855（道の駅南魚沼）,025-783-3377,37.003124,138.818863,住所(概略),南魚沼市,,https://m-uonuma.jp/spa/ashiyu/,
中越,南魚沼市,孫助の湯,温泉・入浴,新潟県南魚沼市下一日市855（道の駅南魚沼）,025-783-3377,37.003124,138.818863,住所(概略),南魚沼市,,https://m-uonuma.jp/spa/ashiyu/%e8%b6%b3%e6%b9%af%e3%80%80%e5%ad%ab%e5%8a%a9%e3%81%ae%e6%b9%af/,
中越,南魚沼市,六日町温泉郵便局,温泉・入浴,新潟県南魚沼市下一日市855（道の駅南魚沼）,025-783-3377,37.003124,138.818863,住所(概略),南魚沼市,,https://m-uonuma.jp/spa/ashiyu/%e8%b6%b3%e6%b9%af%e3%80%80%e5%85%ad%e6%97%a5%e7%94%ba%e6%b8%a9%e6%b3%89%e9%83%b5%e4%be%bf%e5%b1%80/,
中越,南魚沼市,お松の湯,温泉・入浴,新潟県南魚沼市下一日市855（道の駅南魚沼）,025-783-3377,37.003124,138.818863,住所(概略),南魚沼市,,https://m-uonuma.jp/spa/ashiyu/%e8%b6%b3%e6%b9%af%e3%80%80%e3%81%8a%e6%9d%be%e3%81%ae%e6%b9%af/,
中越,南魚沼市,お六の湯,温泉・入浴,新潟県南魚沼市下一日市855（道の駅南魚沼）,025-783-3377,37.003124,138.818863,住所(概略),南魚沼市,,https://m-uonuma.jp/spa/ashiyu/%e8%b6%b3%e6%b9%af%e3%80%80%e3%81%8a%e5%85%ad%e3%81%ae%e6%b9%af/,
中越,南魚沼市,てじまや,温泉・入浴,新潟県南魚沼市下一日市855（道の駅南魚沼）,025-783-3377,37.003124,138.818863,住所(概略),南魚沼市,,https://m-uonuma.jp/spa/urasa/%e6%b5%a6%e4%bd%90%e6%b8%a9%e6%b3%89%e3%80%80%e3%81%a6%e3%81%98%e3%81%be%e3%82%84/,
中越,南魚沼市,畔地温泉 こいし,温泉・入浴,新潟県南魚沼市下一日市855（道の駅南魚沼）,025-783-3377,37.003124,138.818863,住所(概略),南魚沼市,,https://m-uonuma.jp/spa/azechi/%e7%95%94%e5%9c%b0%e6%b8%a9%e6%b3%89%e3%83%bb%e6%97%85%e9%a4%a8%e3%81%93%e3%81%84%e3%81%97/,
中越,南魚沼市,萌気園 さくり温泉健康館,温泉・入浴,新潟県南魚沼市下一日市855（道の駅南魚沼）,025-783-3377,37.003124,138.818863,住所(概略),南魚沼市,,https://m-uonuma.jp/spa/ikazawa/%e4%ba%94%e5%8d%81%e6%b2%a2%e6%b8%a9%e6%b3%89%e3%80%80%e8%90%8c%e6%b0%97%e5%9c%92-%e3%81%95%e3%81%8f%e3%82%8a%e6%b8%a9%e6%b3%89%e5%81%a5%e5%ba%b7%e9%a4%a8/,
中越,南魚沼市,ゆもとかん,温泉・入浴,新潟県南魚沼市下一日市855（道の駅南魚沼）,025-783-3377,37.003124,138.818863,住所(概略),南魚沼市,,https://m-uonuma.jp/spa/ikazawa/%e4%ba%94%e5%8d%81%e6%b2%a2%e6%b8%a9%e6%b3%89%e3%80%80%e3%82%86%e3%82%82%e3%81%a8%e3%81%8b%e3%82%93/,
中越,南魚沼市,むいか温泉ホテル,温泉・入浴,新潟県南魚沼市下一日市855（道の駅南魚沼）,025-783-3377,37.003124,138.818863,住所(概略),南魚沼市,,https://m-uonuma.jp/spa/uenohara/%e4%b8%8a%e3%81%ae%e5%8e%9f%e9%ab%98%e5%8e%9f%e6%b8%a9%e6%b3%89%e3%80%80%e3%82%80%e3%81%84%e3%81%8b%e6%b8%a9%e6%b3%89%e3%83%9b%e3%83%86%e3%83%ab/,
中越,南魚沼市,湖畔荘,温泉・入浴,新潟県南魚沼市下一日市855（道の駅南魚沼）,025-783-3377,37.003124,138.818863,住所(概略),南魚沼市,,https://m-uonuma.jp/spa/uenohara/%e4%b8%8a%e3%81%ae%e5%8e%9f%e9%ab%98%e5%8e%9f%e6%b8%a9%e6%b3%89%e3%80%80%e6%b9%96%e7%95%94%e8%8d%98/,
中越,南魚沼市,ひいらぎ山荘,温泉・入浴,新潟県南魚沼市下一日市855（道の駅南魚沼）,025-783-3377,37.003124,138.818863,住所(概略),南魚沼市,,https://m-uonuma.jp/spa/uenohara/%e4%b8%8a%e3%81%ae%e5%8e%9f%e9%ab%98%e5%8e%9f%e6%b8%a9%e6%b3%89%e3%80%80%e3%81%b2%e3%81%84%e3%82%89%e3%81%8e%e5%b1%b1%e8%8d%98/,
中越,南魚沼市,武蔵ロッヂ,温泉・入浴,新潟県南魚沼市下一日市855（道の駅南魚沼）,025-783-3377,37.003124,138.818863,住所(概略),南魚沼市,,https://m-uonuma.jp/spa/uenohara/%e4%b8%8a%e3%81%ae%e5%8e%9f%e9%ab%98%e5%8e%9f%e6%b8%a9%e6%b3%89%e3%80%80%e6%ad%a6%e8%94%b5%e3%83%ad%e3%83%83%e3%83%82/,
中越,南魚沼市,ロッヂ 半二郎,温泉・入浴,新潟県南魚沼市下一日市855（道の駅南魚沼）,025-783-3377,37.003124,138.818863,住所(概略),南魚沼市,,https://m-uonuma.jp/spa/uenohara/%e4%b8%8a%e3%81%ae%e5%8e%9f%e9%ab%98%e5%8e%9f%e6%b8%a9%e6%b3%89%e3%80%80%e3%83%ad%e3%83%83%e3%83%82-%e5%8d%8a%e4%ba%8c%e9%83%8e/,
中越,南魚沼市,むつみ荘,温泉・入浴,新潟県南魚沼市下一日市855（道の駅南魚沼）,025-783-3377,37.003124,138.818863,住所(概略),南魚沼市,,https://m-uonuma.jp/spa/uenohara/%e4%b8%8a%e3%81%ae%e5%8e%9f%e9%ab%98%e5%8e%9f%e6%b8%a9%e6%b3%89%e3%80%80%e3%82%80%e3%81%a4%e3%81%bf%e8%8d%98/,
中越,南魚沼市,心と体の保養の宿 龍氣,温泉・入浴,新潟県南魚沼市下一日市855（道の駅南魚沼）,025-783-3377,37.003124,138.818863,住所(概略),南魚沼市,,https://m-uonuma.jp/spa/uenohara/%e4%b8%8a%e3%81%ae%e5%8e%9f%e9%ab%98%e5%8e%9f%e6%b8%a9%e6%b3%89%e3%80%80%e5%bf%83%e3%81%a8%e4%bd%93%e3%81%ae%e4%bf%9d%e9%a4%8a%e3%81%ae%e5%ae%bf-%e9%be%8d%e6%b0%a3/,
中越,南魚沼市,いろりあん,温泉・入浴,新潟県南魚沼市下一日市855（道の駅南魚沼）,025-783-3377,37.003124,138.818863,住所(概略),南魚沼市,,https://m-uonuma.jp/spa/uenohara/%e4%b8%8a%e3%81%ae%e5%8e%9f%e9%ab%98%e5%8e%9f%e6%b8%a9%e6%b3%89%e3%80%80%e3%81%84%e3%82%8d%e3%82%8a%e3%81%82%e3%82%93/,
中越,南魚沼市,大和屋旅館,温泉・入浴,新潟県南魚沼市下一日市855（道の駅南魚沼）,025-783-3377,37.003124,138.818863,住所(概略),南魚沼市,,https://m-uonuma.jp/spa/muikamachi2/%e5%85%ad%e6%97%a5%e7%94%ba%e6%b8%a9%e6%b3%89%e3%80%80%e5%a4%a7%e5%92%8c%e5%b1%8b%e6%97%85%e9%a4%a8/,
中越,南魚沼市,ホテル ダ フェールイン六日町,温泉・入浴,新潟県南魚沼市下一日市855（道の駅南魚沼）,025-783-3377,37.003124,138.818863,住所(概略),南魚沼市,,https://m-uonuma.jp/spa/muikamachi2/%e5%85%ad%e6%97%a5%e7%94%ba%e6%b8%a9%e6%b3%89%e3%80%80%e3%83%9b%e3%83%86%e3%83%ab-%e3%83%80-%e3%83%95%e3%82%a7%e3%83%bc%e3%83%ab%e3%82%a4%e3%83%b3%e5%85%ad%e6%97%a5%e7%94%ba/,
中越,南魚沼市,魚沼の隠れ温泉 くつろぎ庵,温泉・入浴,新潟県南魚沼市下一日市855（道の駅南魚沼）,025-783-3377,37.003124,138.818863,住所(概略),南魚沼市,,https://m-uonuma.jp/spa/muikamachi/%e5%85%ad%e6%97%a5%e7%94%ba%e6%b8%a9%e6%b3%89%e3%80%80%e9%ad%9a%e6%b2%bc%e3%81%ae%e9%9a%a0%e3%82%8c%e6%b8%a9%e6%b3%89-%e3%81%8f%e3%81%a4%e3%82%8d%e3%81%8e%e5%ba%b5/,
中越,南魚沼市,ほてる木の芽坂,温泉・入浴,新潟県南魚沼市下一日市855（道の駅南魚沼）,025-783-3377,37.003124,138.818863,住所(概略),南魚沼市,,https://m-uonuma.jp/spa/muikamachi/%e5%85%ad%e6%97%a5%e7%94%ba%e6%b8%a9%e6%b3%89%e3%80%80%e3%81%bb%e3%81%a6%e3%82%8b%e6%9c%a8%e3%81%ae%e8%8a%bd%e5%9d%82/,
中越,南魚沼市,越前屋旅館,温泉・入浴,新潟県南魚沼市下一日市855（道の駅南魚沼）,025-783-3377,37.003124,138.818863,住所(概略),南魚沼市,,https://m-uonuma.jp/spa/muikamachi2/%e5%85%ad%e6%97%a5%e7%94%ba%e6%b8%a9%e6%b3%89%e3%80%80%e8%b6%8a%e5%89%8d%e5%b1%8b%e6%97%85%e9%a4%a8/,
中越,南魚沼市,旬彩の庄 坂戸城,温泉・入浴,新潟県南魚沼市下一日市855（道の駅南魚沼）,025-783-3377,37.003124,138.818863,住所(概略),南魚沼市,,https://m-uonuma.jp/spa/muikamachi2/%e5%85%ad%e6%97%a5%e7%94%ba%e6%b8%a9%e6%b3%89%e3%80%80%e6%97%ac%e5%bd%a9%e3%81%ae%e5%ba%84-%e5%9d%82%e6%88%b8%e5%9f%8e/,
中越,南魚沼市,ryugon,温泉・入浴,新潟県南魚沼市下一日市855（道の駅南魚沼）,025-783-3377,37.003124,138.818863,住所(概略),南魚沼市,,https://m-uonuma.jp/spa/muikamachi2/%e5%85%ad%e6%97%a5%e7%94%ba%e6%b8%a9%e6%b3%89%e3%80%80ryugon/,
中越,南魚沼市,金誠舘,温泉・入浴,新潟県南魚沼市下一日市855（道の駅南魚沼）,025-783-3377,37.003124,138.818863,住所(概略),南魚沼市,,https://m-uonuma.jp/spa/muikamachi2/%e5%85%ad%e6%97%a5%e7%94%ba%e6%b8%a9%e6%b3%89%e3%80%80%e9%87%91%e8%aa%a0%e8%88%98/,
中越,南魚沼市,ホテルグリーンプラザ上越,温泉・入浴,新潟県南魚沼市下一日市855（道の駅南魚沼）,025-783-3377,37.003124,138.818863,住所(概略),南魚沼市,,https://m-uonuma.jp/spa/kabanosawa/%e6%a8%ba%e9%87%8e%e6%b2%a2%e6%b8%a9%e6%b3%89%e3%80%80%e3%83%9b%e3%83%86%e3%83%ab%e3%82%b0%e3%83%aa%e3%83%bc%e3%83%b3%e3%83%97%e3%83%a9%e3%82%b6%e4%b8%8a%e8%b6%8a/,
中越,南魚沼市,里山十帖,温泉・入浴,新潟県南魚沼市下一日市855（道の駅南魚沼）,025-783-3377,37.003124,138.818863,住所(概略),南魚沼市,,https://m-uonuma.jp/spa/oosawa/%e5%a4%a7%e6%b2%a2%e5%b1%b1%e6%b8%a9%e6%b3%89%e3%80%80%e9%87%8c%e5%b1%b1%e5%8d%81%e5%b8%96/,
中越,南魚沼市,大沢舘,温泉・入浴,新潟県南魚沼市下一日市855（道の駅南魚沼）,025-783-3377,37.003124,138.818863,住所(概略),南魚沼市,,https://m-uonuma.jp/spa/oosawa/%e5%a4%a7%e6%b2%a2%e5%b1%b1%e6%b8%a9%e6%b3%89-%e5%a4%a7%e6%b2%a2%e9%a4%a8/,
中越,南魚沼市,幽谷荘,温泉・入浴,新潟県南魚沼市下一日市855（道の駅南魚沼）,025-783-3377,37.003124,138.818863,住所(概略),南魚沼市,,https://m-uonuma.jp/spa/oosawa/%e5%a4%a7%e6%b2%a2%e5%b1%b1%e6%b8%a9%e6%b3%89%e3%80%80%e5%b9%bd%e8%b0%b7%e8%8d%98/,
中越,南魚沼市,舞子高原ホテル,温泉・入浴,新潟県南魚沼市下一日市855（道の駅南魚沼）,025-783-3377,37.003124,138.818863,住所(概略),南魚沼市,,https://m-uonuma.jp/spa/maiko/%e8%88%9e%e5%ad%90%e6%b8%a9%e6%b3%89%e3%80%80%e8%88%9e%e5%ad%90%e9%ab%98%e5%8e%9f%e3%83%9b%e3%83%86%e3%83%ab/,
中越,南魚沼市,とまの湯 松寿館,温泉・入浴,新潟県南魚沼市下一日市855（道の駅南魚沼）,025-783-3377,37.003124,138.818863,住所(概略),南魚沼市,,https://m-uonuma.jp/spa/ueno/%e4%b8%8a%e9%87%8e%e9%89%b1%e6%b3%89%e3%80%80%e3%81%a8%e3%81%be%e3%81%ae%e6%b9%af-%e6%9d%be%e5%af%bf%e9%a4%a8/,
中越,南魚沼市,中の湯,温泉・入浴,新潟県南魚沼市下一日市855（道の駅南魚沼）,025-783-3377,37.003124,138.818863,住所(概略),南魚沼市,,https://m-uonuma.jp/spa/ueno/%e4%b8%8a%e9%87%8e%e9%89%b1%e6%b3%89%e3%80%80%e4%b8%ad%e3%81%ae%e6%b9%af/,
中越,南魚沼市,名月荘,温泉・入浴,新潟県南魚沼市下一日市855（道の駅南魚沼）,025-783-3377,37.003124,138.818863,住所(概略),南魚沼市,,https://m-uonuma.jp/spa/ueno/%e4%b8%8a%e9%87%8e%e9%89%b1%e6%b3%89%e3%80%80%e5%90%8d%e6%9c%88%e8%8d%98/,
中越,南魚沼市,古城館,温泉・入浴,新潟県南魚沼市下一日市855（道の駅南魚沼）,025-783-3377,37.003124,138.818863,住所(概略),南魚沼市,,https://m-uonuma.jp/spa/maruyama/%e4%b8%b8%e5%b1%b1%e6%b8%a9%e6%b3%89%e3%80%80%e5%8f%a4%e5%9f%8e%e9%a4%a8/,
中越,南魚沼市,大崎ダムキャンプ場,キャンプ,新潟県南魚沼市下一日市855（道の駅南魚沼）,025-783-3377,37.003124,138.818863,住所(概略),南魚沼市,,https://m-uonuma.jp/visit/%e5%a4%a7%e5%b4%8e%e3%83%80%e3%83%a0%e3%82%ad%e3%83%a3%e3%83%b3%e3%83%97%e5%a0%b4/,
中越,南魚沼市,鈴木農場,農業・収穫体験,新潟県南魚沼市下一日市855（道の駅南魚沼）,025-783-3377,37.003124,138.818863,住所(概略),南魚沼市,,https://m-uonuma.jp/visit/%e9%88%b4%e6%9c%a8%e8%be%b2%e5%a0%b4/,
中越,南魚沼市,塩沢中央公園(ふれあい公園),公園|動物園・水族館,新潟県南魚沼市下一日市855（道の駅南魚沼）,025-783-3377,37.003124,138.818863,住所(概略),南魚沼市,,https://m-uonuma.jp/visit/%e5%a1%a9%e6%b2%a2%e4%b8%ad%e5%a4%ae%e5%85%ac%e5%9c%92%e3%81%b5%e3%82%8c%e3%81%82%e3%81%84%e5%85%ac%e5%9c%92/,
中越,南魚沼市,登川フィッシングパーク,釣り,新潟県南魚沼市下一日市855（道の駅南魚沼）,025-783-3377,37.003124,138.818863,住所(概略),南魚沼市,,https://m-uonuma.jp/visit/%e7%99%bb%e5%b7%9d%e3%83%95%e3%82%a3%e3%83%83%e3%82%b7%e3%83%b3%e3%82%b0%e3%83%91%e3%83%bc%e3%82%af/,
中越,南魚沼市,魚沼の里(八海山雪室),醸造所見学,新潟県南魚沼市下一日市855（道の駅南魚沼）,025-783-3377,37.003124,138.818863,住所(概略),南魚沼市,,https://m-uonuma.jp/visit/%e9%ad%9a%e6%b2%bc%e3%81%ae%e9%87%8c%e5%85%ab%e6%b5%b7%e5%b1%b1%e9%9b%aa%e5%ae%a4/,
中越,南魚沼市,滝谷の清水,自然観察,新潟県南魚沼市下一日市855（道の駅南魚沼）,025-783-3377,37.003124,138.818863,住所(概略),南魚沼市,,https://m-uonuma.jp/visit/%e6%bb%9d%e8%b0%b7%e3%81%ae%e6%b8%85%e6%b0%b4/,
中越,南魚沼市,舞子高原オートキャンプ場,キャンプ,新潟県南魚沼市下一日市855（道の駅南魚沼）,025-783-3377,37.003124,138.818863,住所(概略),南魚沼市,,https://m-uonuma.jp/visit/%e8%88%9e%e5%ad%90%e9%ab%98%e5%8e%9f%e3%82%aa%e3%83%bc%e3%83%88%e3%82%ad%e3%83%a3%e3%83%b3%e3%83%97%e5%a0%b4/,
中越,南魚沼市,八色の森公園,公園,新潟県南魚沼市下一日市855（道の駅南魚沼）,025-783-3377,37.003124,138.818863,住所(概略),南魚沼市,,https://m-uonuma.jp/visit/%e5%85%ab%e8%89%b2%e3%81%ae%e6%a3%ae%e5%85%ac%e5%9c%92/,
中越,南魚沼市,後山ブナ林公園,公園,新潟県南魚沼市下一日市855（道の駅南魚沼）,025-783-3377,37.003124,138.818863,住所(概略),南魚沼市,,https://m-uonuma.jp/visit/%e5%be%8c%e5%b1%b1%e3%83%96%e3%83%8a%e6%9e%97%e5%85%ac%e5%9c%92/,
中越,南魚沼市,大崎ダム公園,公園,新潟県南魚沼市下一日市855（道の駅南魚沼）,025-783-3377,37.003124,138.818863,住所(概略),南魚沼市,,https://m-uonuma.jp/visit/%e5%a4%a7%e5%b4%8e%e3%83%80%e3%83%a0%e5%85%ac%e5%9c%92/,
中越,南魚沼市,五日町天池教育キャンプ場,キャンプ,新潟県南魚沼市下一日市855（道の駅南魚沼）,025-783-3377,37.003124,138.818863,住所(概略),南魚沼市,,https://m-uonuma.jp/visit/%e4%ba%94%e6%97%a5%e7%94%ba%e5%a4%a9%e6%b1%a0%e6%95%99%e8%82%b2%e3%82%ad%e3%83%a3%e3%83%b3%e3%83%97%e5%a0%b4/,
中越,南魚沼市,五十沢渓谷,自然観察,新潟県南魚沼市下一日市855（道の駅南魚沼）,025-783-3377,37.003124,138.818863,住所(概略),南魚沼市,,https://m-uonuma.jp/visit/%e4%ba%94%e5%8d%81%e6%b2%a2%e6%b8%93%e8%b0%b7/,
中越,南魚沼市,裏巻機渓谷,登山・トレッキング|自然観察,新潟県南魚沼市下一日市855（道の駅南魚沼）,025-783-3377,37.003124,138.818863,住所(概略),南魚沼市,,https://m-uonuma.jp/trekking/uramakihata-keikoku/,
中越,南魚沼市,銭淵公園,公園,新潟県南魚沼市下一日市855（道の駅南魚沼）,025-783-3377,37.003124,138.818863,住所(概略),南魚沼市,,https://m-uonuma.jp/visit/%e9%8a%ad%e6%b7%b5%e5%85%ac%e5%9c%92/,
中越,南魚沼市,かまくら桜ヶ丘公園,公園,新潟県南魚沼市下一日市855（道の駅南魚沼）,025-783-3377,37.003124,138.818863,住所(概略),南魚沼市,,https://m-uonuma.jp/visit/%e3%81%8b%e3%81%be%e3%81%8f%e3%82%89%e6%a1%9c%e3%83%b6%e4%b8%98%e5%85%ac%e5%9c%92/,
中越,南魚沼市,小栗山サンスポーツランド スケートパーク,スケート,新潟県南魚沼市下一日市855（道の駅南魚沼）,025-783-3377,37.003124,138.818863,住所(概略),南魚沼市,,https://m-uonuma.jp/visit/%e5%b0%8f%e6%a0%97%e5%b1%b1%e3%82%b5%e3%83%b3%e3%82%b9%e3%83%9d%e3%83%bc%e3%83%84%e3%83%a9%e3%83%b3%e3%83%89-%e3%82%b9%e3%82%b1%e3%83%bc%e3%83%88%e3%83%91%e3%83%bc%e3%82%af/,
中越,南魚沼市,登川河川公園,公園,新潟県南魚沼市下一日市855（道の駅南魚沼）,025-783-3377,37.003124,138.818863,住所(概略),南魚沼市,,https://m-uonuma.jp/visit/%e7%99%bb%e5%b7%9d%e6%b2%b3%e5%b7%9d%e5%85%ac%e5%9c%92/,
中越,南魚沼市,大原運動公園,スポーツ施設|公園,新潟県南魚沼市下一日市855（道の駅南魚沼）,025-783-3377,37.003124,138.818863,住所(概略),南魚沼市,,https://m-uonuma.jp/visit/%e5%a4%a7%e5%8e%9f%e9%81%8b%e5%8b%95%e5%85%ac%e5%9c%92/,
中越,南魚沼市,六日町八海山スキー場,スキー・スノーボード|冬季,新潟県南魚沼市下一日市855（道の駅南魚沼）,025-783-3377,37.003124,138.818863,住所(概略),南魚沼市,,https://m-uonuma.jp/visit/%e5%85%ad%e6%97%a5%e7%94%ba%e5%85%ab%e6%b5%b7%e5%b1%b1%e3%82%b9%e3%82%ad%e3%83%bc%e5%a0%b4/,
中越,南魚沼市,上越国際スキー場,スキー・スノーボード|冬季,新潟県南魚沼市下一日市855（道の駅南魚沼）,025-783-3377,37.003124,138.818863,住所(概略),南魚沼市,,https://m-uonuma.jp/visit/%e4%b8%8a%e8%b6%8a%e5%9b%bd%e9%9a%9b%e3%82%b9%e3%82%ad%e3%83%bc%e5%a0%b4/,
中越,南魚沼市,巻機山,登山・トレッキング,新潟県南魚沼市下一日市855（道の駅南魚沼）,025-783-3377,37.003124,138.818863,住所(概略),南魚沼市,,https://m-uonuma.jp/trekking/makihata/,
中越,南魚沼市,八海山,登山・トレッキング,新潟県南魚沼市下一日市855（道の駅南魚沼）,025-783-3377,37.003124,138.818863,住所(概略),南魚沼市,,https://m-uonuma.jp/trekking/hakkai/,
中越,南魚沼市,中ノ岳,登山・トレッキング,新潟県南魚沼市下一日市855（道の駅南魚沼）,025-783-3377,37.003124,138.818863,住所(概略),南魚沼市,,https://m-uonuma.jp/trekking/nakano/,
中越,南魚沼市,越後駒ヶ岳,登山・トレッキング,新潟県南魚沼市下一日市855（道の駅南魚沼）,025-783-3377,37.003124,138.818863,住所(概略),南魚沼市,,https://m-uonuma.jp/trekking/komagatake/,
中越,南魚沼市,丹後山,登山・トレッキング,新潟県南魚沼市下一日市855（道の駅南魚沼）,025-783-3377,37.003124,138.818863,住所(概略),南魚沼市,,https://m-uonuma.jp/trekking/tango/,
中越,南魚沼市,飯士山,登山・トレッキング,新潟県南魚沼市下一日市855（道の駅南魚沼）,025-783-3377,37.003124,138.818863,住所(概略),南魚沼市,,https://m-uonuma.jp/trekking/iiji/,
中越,南魚沼市,金城山,登山・トレッキング,新潟県南魚沼市雲洞,025-783-3377,37.031502,138.899109,住所,南魚沼市,,https://m-uonuma.jp/trekking/kinjyo/,
中越,南魚沼市,坂戸山,登山・トレッキング,新潟県南魚沼市下一日市855（道の駅南魚沼）,025-783-3377,37.003124,138.818863,住所(概略),南魚沼市,,https://m-uonuma.jp/trekking/sakado/,
中越,南魚沼市,清水峠,登山・トレッキング|自然観察,新潟県南魚沼市下一日市855（道の駅南魚沼）,025-783-3377,37.003124,138.818863,住所(概略),南魚沼市,,https://m-uonuma.jp/trekking/shimizu/,
中越,南魚沼市,水無渓谷,登山・トレッキング|自然観察,新潟県南魚沼市下一日市855（道の駅南魚沼）,025-783-3377,37.003124,138.818863,住所(概略),南魚沼市,,https://m-uonuma.jp/trekking/mizunashi/,
下越,粟島浦村,内浦海水浴場,海水浴|夏季,,,38.465469,139.251770,地名(概略),県(海水浴場),水質評価:水質ＡＡ（令和8年度開設前調査）,,
下越,村上市,今川海水浴場,海水浴|夏季,,,38.411720,139.468094,地名(概略),県(海水浴場),水質評価:水質ＡＡ（令和8年度開設前調査）,,
下越,村上市,瀬波温泉海水浴場,海水浴|夏季,,,38.223709,139.444305,地名(概略),県(海水浴場),水質評価:水質Ａ（令和8年度開設前調査）,,
下越,胎内市,村松浜海水浴場,海水浴|夏季,,,38.052956,139.328354,地名(概略),県(海水浴場),水質評価:水質Ｂ（令和8年度開設前調査）,,
下越,新発田市,藤塚浜海水浴場,海水浴|夏季,,,38.033520,139.308472,地名(概略),県(海水浴場),水質評価:水質Ａ（令和8年度開設前調査）,,
下越,聖籠町,網代浜海水浴場,海水浴|夏季,,,38.001785,139.261642,地名(概略),県(海水浴場),水質評価:水質ＡＡ（令和8年度開設前調査）,,
下越,新潟市,島見浜海水浴場,海水浴|夏季,,,37.916077,139.036545,地名(概略),県(海水浴場),水質評価:水質ＡＡ（令和8年度開設前調査）,,
下越,新潟市,船江町浜海水浴場,海水浴|夏季,,,37.916077,139.036545,地名(概略),県(海水浴場),水質評価:水質Ａ（令和8年度開設前調査）,,
下越,新潟市,日和山浜海水浴場,海水浴|夏季,,,37.916077,139.036545,地名(概略),県(海水浴場),水質評価:水質ＡＡ（令和8年度開設前調査）,,
下越,新潟市,関屋浜海水浴場,海水浴|夏季,,,37.916077,139.036545,地名(概略),県(海水浴場),水質評価:水質ＡＡ（令和8年度開設前調査）,,
下越,新潟市,青山海岸海水浴場,海水浴|夏季,,,37.916077,139.036545,地名(概略),県(海水浴場),水質評価:水質ＡＡ（令和8年度開設前調査）,,
下越,新潟市,内野浜海水浴場,海水浴|夏季,,,37.916077,139.036545,地名(概略),県(海水浴場),水質評価:水質Ａ（令和8年度開設前調査）,,
下越,新潟市,越前浜海水浴場,海水浴|夏季,,,37.916077,139.036545,地名(概略),県(海水浴場),水質評価:水質Ａ（令和8年度開設前調査）,,
下越,新潟市,角田浜海水浴場,海水浴|夏季,,,37.916077,139.036545,地名(概略),県(海水浴場),水質評価:水質ＡＡ（令和8年度開設前調査）,,
下越,新潟市,間瀬下山海水浴場,海水浴|夏季,,,37.916077,139.036545,地名(概略),県(海水浴場),水質評価:水質Ａ（令和8年度開設前調査）,,
下越,新潟市,間瀬田ノ浦海水浴場,海水浴|夏季,,,37.916077,139.036545,地名(概略),県(海水浴場),水質評価:水質ＡＡ（令和8年度開設前調査）,,
中越,長岡市,野積海水浴場,海水浴|夏季,,,37.561089,138.872971,地名(概略),県(海水浴場),水質評価:水質ＡＡ（令和8年度開設前調査）,,
中越,長岡市,寺泊中央海水浴場,海水浴|夏季,,,37.634399,138.817581,地名(概略),県(海水浴場),水質評価:水質Ｂ（令和8年度開設前調査）,,
中越,長岡市,金山海水浴場,海水浴|夏季,,,37.477070,139.014725,地名(概略),県(海水浴場),水質評価:水質ＡＡ（令和8年度開設前調査）,,
中越,長岡市,郷本海水浴場,海水浴|夏季,,,37.446533,138.851486,地名(概略),県(海水浴場),水質評価:水質Ａ（令和8年度開設前調査）,,
中越,出雲崎町,井鼻海水浴場,海水浴|夏季,,,37.553406,138.706406,地名(概略),県(海水浴場),水質評価:水質ＡＡ（令和8年度開設前調査）,,
中越,柏崎市,大崎海水浴場,海水浴|夏季,,,37.330135,138.541489,地名(概略),県(海水浴場),水質評価:水質ＡＡ（令和8年度開設前調査）,,
中越,柏崎市,長浜海水浴場,海水浴|夏季,,,37.371758,138.576447,地名(概略),県(海水浴場),水質評価:水質ＡＡ（令和8年度開設前調査）,,
中越,柏崎市,中央海水浴場,海水浴|夏季,,,37.372833,138.559036,地名(概略),県(海水浴場),水質評価:水質ＡＡ（令和8年度開設前調査）,,
中越,柏崎市,西番神海水浴場,海水浴|夏季,,,37.370823,138.547211,地名(概略),県(海水浴場),水質評価:水質ＡＡ（令和8年度開設前調査）,,
中越,柏崎市,東の輪海水浴場,海水浴|夏季,,,37.360649,138.522675,地名(概略),県(海水浴場),水質評価:水質ＡＡ（令和8年度開設前調査）,,
中越,柏崎市,西鯨波海水浴場,海水浴|夏季,,,37.370823,138.547211,地名(概略),県(海水浴場),水質評価:水質ＡＡ（令和8年度開設前調査）,,
中越,柏崎市,青海川海水浴場,海水浴|夏季,,,37.341232,138.486465,地名(概略),県(海水浴場),水質評価:水質ＡＡ（令和8年度開設前調査）,,
中越,柏崎市,薬師堂海水浴場,海水浴|夏季,,,37.364952,138.557999,地名(概略),県(海水浴場),水質評価:水質ＡＡ（令和8年度開設前調査）,,
中越,柏崎市,上輪海水浴場,海水浴|夏季,,,37.320545,138.454147,地名(概略),県(海水浴場),水質評価:水質ＡＡ（令和8年度開設前調査）,,
中越,柏崎市,笠島海水浴場,海水浴|夏季,,,37.330650,138.474838,地名(概略),県(海水浴場),水質評価:水質ＡＡ（令和8年度開設前調査）,,
中越,柏崎市,米山海水浴場,海水浴|夏季,,,37.355358,138.544144,地名(概略),県(海水浴場),水質評価:水質ＡＡ（令和8年度開設前調査）,,
上越,上越市,柿崎中央海水浴場,海水浴|夏季,,,37.244190,138.413116,地名(概略),県(海水浴場),水質評価:水質ＡＡ（令和8年度開設前調査）,,
上越,上越市,鵜の浜海水浴場,海水浴|夏季,,,37.147865,138.236099,地名(概略),県(海水浴場),水質評価:水質Ａ（令和8年度開設前調査）,,
上越,上越市,なおえつ海水浴場,海水浴|夏季,,,37.147865,138.236099,地名(概略),県(海水浴場),水質評価:水質Ａ（令和8年度開設前調査）,,
上越,上越市,たにはま海水浴場,海水浴|夏季,,,37.147865,138.236099,地名(概略),県(海水浴場),水質評価:水質ＡＡ（令和8年度開設前調査）,,
上越,糸魚川市,藤崎海水浴場,海水浴|夏季,,,37.112457,138.033600,地名(概略),県(海水浴場),水質評価:水質ＡＡ（令和8年度開設前調査）,,
上越,糸魚川市,百川海水浴場,海水浴|夏季,,,37.102325,138.025497,地名(概略),県(海水浴場),水質評価:水質ＡＡ（令和8年度開設前調査）,,
上越,糸魚川市,能生海水浴場,海水浴|夏季,,,37.101761,137.988083,地名(概略),県(海水浴場),水質評価:水質Ａ（令和8年度開設前調査）,,
上越,糸魚川市,大和川海水浴場,海水浴|夏季,,,37.052109,137.889816,地名(概略),県(海水浴場),水質評価:水質Ａ（令和8年度開設前調査）,,
中越,三条市,株式会社 近藤製作所,工場見学|ものづくり体験,,,37.636387,138.961670,地名(概略),県(工場見学),燕三条オープンファクトリー（出典は2021年時点）,,
中越,三条市,三条鍛冶道場,工場見学|ものづくり体験,,,37.664597,138.977417,地名(概略),県(工場見学),燕三条オープンファクトリー（出典は2021年時点）,,
中越,三条市,チタンアクセサリー レジエ,工場見学|ものづくり体験,,,37.636387,138.961670,地名(概略),県(工場見学),燕三条オープンファクトリー（出典は2021年時点）,,
中越,三条市,株式会社 タダフサ,工場見学|ものづくり体験,,,37.636387,138.961670,地名(概略),県(工場見学),燕三条オープンファクトリー（出典は2021年時点）,,
中越,三条市,マルナオ 株式会社,工場見学|ものづくり体験,,,37.636387,138.961670,地名(概略),県(工場見学),燕三条オープンファクトリー（出典は2021年時点）,,
中越,三条市,株式会社 相田合同工場,工場見学|ものづくり体験,,,37.636387,138.961670,地名(概略),県(工場見学),燕三条オープンファクトリー（出典は2021年時点）,,
中越,三条市,株式会社 野崎製作所,工場見学|ものづくり体験,,,37.636387,138.961670,地名(概略),県(工場見学),燕三条オープンファクトリー（出典は2021年時点）,,
中越,燕市,藤次郎 株式会社,工場見学|ものづくり体験,,,37.673161,138.882095,地名(概略),県(工場見学),燕三条オープンファクトリー（出典は2021年時点）,,
中越,燕市,ミノル製作所 株式会社,工場見学|ものづくり体験,,,37.673161,138.882095,地名(概略),県(工場見学),燕三条オープンファクトリー（出典は2021年時点）,,
中越,燕市,燕市磨き屋一番館,工場見学|ものづくり体験,,,37.665581,138.931091,地名(概略),県(工場見学),燕三条オープンファクトリー（出典は2021年時点）,,
中越,燕市,株式会社 ＭＧＮＥＴ／株式会社 武田金型製作所,工場見学|ものづくり体験,,,37.673161,138.882095,地名(概略),県(工場見学),燕三条オープンファクトリー（出典は2021年時点）,,
中越,燕市,株式会社 玉川堂,工場見学|ものづくり体験,,,37.673161,138.882095,地名(概略),県(工場見学),燕三条オープンファクトリー（出典は2021年時点）,,
中越,魚沼市,神湯温泉 神湯とふれあいの里,温泉・入浴|日帰り入浴|動物園・水族館,新潟県魚沼市清本583番地,025-799-3350,37.286514,138.995682,住所,魚沼市,,,
中越,魚沼市,銀山平温泉 銀山平キャンプ場「かもしかの湯」,キャンプ|温泉・入浴|日帰り入浴,新潟県魚沼市宇津野字北ノ又沢852-19,025-795-2448,37.118732,139.154312,住所,魚沼市,,,
中越,魚沼市,青島温泉 見晴らしの湯 こまみ,温泉・入浴|日帰り入浴,新潟県魚沼市青島2083-1,025-792-8001,37.224850,138.952469,住所,魚沼市,,,
中越,魚沼市,薬師温泉 ゆ～パーク薬師,温泉・入浴|日帰り入浴,新潟県魚沼市七日市新田643-1,025-792-5554,37.234467,138.990784,住所,魚沼市,,,
